insert into vendor (v_id, name, date_of_birth) values (1, ('Issi', 'Hague'), '9/7/1991');
insert into vendor (v_id, name, date_of_birth) values (2, ('Jamison', 'Pierse'), '1/12/1993');
insert into vendor (v_id, name, date_of_birth) values (3, ('Delilah', 'Martill'), '10/7/1977');
insert into vendor (v_id, name, date_of_birth) values (4, ('Zorine', 'Munnion'), '5/8/1961');
insert into vendor (v_id, name, date_of_birth) values (5, ('Marabel', 'Cradick'), '10/4/1953');
insert into vendor (v_id, name, date_of_birth) values (6, ('Emmet', 'MacAskill'), '1/12/1961');
insert into vendor (v_id, name, date_of_birth) values (7, ('Stella', 'Cootes'), '7/9/1968');
insert into vendor (v_id, name, date_of_birth) values (8, ('Keenan', 'Yule'), '9/7/1964');
insert into vendor (v_id, name, date_of_birth) values (9, ('Barnard', 'Gunning'), '4/10/1993');
insert into vendor (v_id, name, date_of_birth) values (10, ('Obediah', 'Taylor'), '10/12/1953');
insert into vendor (v_id, name, date_of_birth) values (11, ('Rollo', 'McLarens'), '5/11/1979');
insert into vendor (v_id, name, date_of_birth) values (12, ('Bette', 'Corran'), '12/8/1981');
insert into vendor (v_id, name, date_of_birth) values (13, ('Galvan', 'Berrecloth'), '3/10/1987');
insert into vendor (v_id, name, date_of_birth) values (14, ('Elfrieda', 'Hydes'), '1/6/1991');
insert into vendor (v_id, name, date_of_birth) values (15, ('Alvie', 'Hans'), '1/4/1959');


insert into online_customers (c_id, login, password, nickname, payment_card, date_of_birth) values (1, 'hspeere0', 'dKJe8aK7sTnc', 'ybernuzzi0', '374622373377307', '4/5/1954');
insert into online_customers (c_id, login, password, nickname, payment_card, date_of_birth) values (2, 'tmartynikhin1', 'npS5ceXVXV2', 'fporter1', '374622622770054', '4/12/1988');
insert into online_customers (c_id, login, password, nickname, payment_card, date_of_birth) values (3, 'fduigan2', 'M6HKhPP', 'wrhydderch2', '374283293296190', '6/1/1952');
insert into online_customers (c_id, login, password, nickname, payment_card, date_of_birth) values (4, 'ciddy3', 'Hsvmjcl', 'mstirzaker3', '372301383467604', '6/5/1963');
insert into online_customers (c_id, login, password, nickname, payment_card, date_of_birth) values (5, 'mbauser4', 'HYPzLGFkqdf', 'pcompfort4', '349781699125865', '5/8/1975');
insert into online_customers (c_id, login, password, nickname, payment_card, date_of_birth) values (6, 'phalsted5', '7El1nO', 'dgalpen5', '343124666155563', '12/1/1976');
insert into online_customers (c_id, login, password, nickname, payment_card, date_of_birth) values (7, 'lgarnett6', 'xqaXwGNGzm', 'lhengoed6', '337941541437405', '3/2/1964');
insert into online_customers (c_id, login, password, nickname, payment_card, date_of_birth) values (8, 'dmorde7', 'IlsO2WVgpS', 'gsheer7', '374283332520782', '2/7/1958');
insert into online_customers (c_id, login, password, nickname, payment_card, date_of_birth) values (9, 'eklimkin8', 'Iby44PZUV1', 'fmcteague8', '374283248452468', '9/1/1960');
insert into online_customers (c_id, login, password, nickname, payment_card, date_of_birth) values (10, 'rmontfort9', 'v7U2IZZv', 'dbarrett9', '374283116821539', '4/5/1992');
insert into online_customers (c_id, login, password, nickname, payment_card, date_of_birth) values (11, 'bphelana', 'TxrEcjx8E8', 'tkimburya', '374288868543793', '2/2/1990');
insert into online_customers (c_id, login, password, nickname, payment_card, date_of_birth) values (12, 'lrodieb', 'T1BHJTt', 'smarzellanob', '376067283892060', '5/9/1955');
insert into online_customers (c_id, login, password, nickname, payment_card, date_of_birth) values (13, 'rgellanc', 'vbmtPtVLb', 'dmcconachiec', '371612662834509', '6/8/1966');
insert into online_customers (c_id, login, password, nickname, payment_card, date_of_birth) values (14, 'eashnessd', 'x2UkcJHIkFrO', 'sdungeyd', '374283134489590', '11/3/1963');
insert into online_customers (c_id, login, password, nickname, payment_card, date_of_birth) values (15, 'nshawcrofte', 'mdjJNlAV7r87', 'ewatchorne', '344314738999655', '5/6/1967');
insert into online_customers (c_id, login, password, nickname, payment_card, date_of_birth) values (16, 'gmullinsf', 'optoVjGs', 'merangyf', '374283492853056', '8/6/1994');
insert into online_customers (c_id, login, password, nickname, payment_card, date_of_birth) values (17, 'glindwallg', 'yc0IzYOTUH', 'dsharerg', '340936711407662', '7/6/1955');
insert into online_customers (c_id, login, password, nickname, payment_card, date_of_birth) values (18, 'jhorsefieldh', 'vHNW9E4', 'ojelletth', '375753180427222', '5/8/1980');
insert into online_customers (c_id, login, password, nickname, payment_card, date_of_birth) values (19, 'kburgoini', 'JBvvhyVU5Lg9', 'rtynnani', '343549784004956', '8/3/1964');
insert into online_customers (c_id, login, password, nickname, payment_card, date_of_birth) values (20, 'bbailessj', 'Q2R6UH', 'gbensteadj', '337941667909245', '6/7/1987');
insert into online_customers (c_id, login, password, nickname, payment_card, date_of_birth) values (21, 'tcabanek', 'veLbwJJM9', 'bsurmonk', '374622479808460', '3/8/1986');
insert into online_customers (c_id, login, password, nickname, payment_card, date_of_birth) values (22, 'nhensmansl', 'fXUcr859X', 'traddonl', '337941021672703', '11/4/1955');
insert into online_customers (c_id, login, password, nickname, payment_card, date_of_birth) values (23, 'cpyattm', 'EQJXYj0dCYI', 'dduhamm', '374622294357016', '5/12/1986');
insert into online_customers (c_id, login, password, nickname, payment_card, date_of_birth) values (24, 'fbreedern', 'qTo02d5', 'rdanahern', '337941380384999', '4/2/1983');
insert into online_customers (c_id, login, password, nickname, payment_card, date_of_birth) values (25, 'gemansono', 'htusN6ZJS0D', 'wburryo', '342682956903100', '2/11/1974');
insert into online_customers (c_id, login, password, nickname, payment_card, date_of_birth) values (26, 'aconkiep', 'xIo4J0KWO', 'cmccrachenp', '340314378886075', '8/7/1965');
insert into online_customers (c_id, login, password, nickname, payment_card, date_of_birth) values (27, 'fwinwoodq', 'MRX0Ttkv6TKj', 'charrismithq', '344091012774679', '7/4/2000');
insert into online_customers (c_id, login, password, nickname, payment_card, date_of_birth) values (28, 'eshearstoner', '1Xsbytb', 'gchiener', '378852969888377', '2/9/1980');
insert into online_customers (c_id, login, password, nickname, payment_card, date_of_birth) values (29, 'lmalins', 'si5XYXfwF', 'vwhitefords', '340187382311524', '3/6/1952');
insert into online_customers (c_id, login, password, nickname, payment_card, date_of_birth) values (30, 'bdorsayt', 'l8ZUTb2dz', 'vduhigt', '374283627736853', '6/2/1968');
insert into online_customers (c_id, login, password, nickname, payment_card, date_of_birth) values (31, 'ifrogleyu', '1LfmwLEx', 'rdrennanu', '344675522218324', '8/7/1964');
insert into online_customers (c_id, login, password, nickname, payment_card, date_of_birth) values (32, 'ekimmincev', 'kIEfQWuq7', 'kgrimblebyv', '372301988470664', '4/7/1989');
insert into online_customers (c_id, login, password, nickname, payment_card, date_of_birth) values (33, 'csyddonw', 'A9M6i32kP', 'egutw', '374283994077931', '9/10/1960');
insert into online_customers (c_id, login, password, nickname, payment_card, date_of_birth) values (34, 'fmerrellx', 'JzoLI1tUkj5', 'ibortolussix', '374622304060568', '7/9/1991');
insert into online_customers (c_id, login, password, nickname, payment_card, date_of_birth) values (35, 'twilliamsy', 'PypfHAT', 'agilpillany', '375071236885206', '9/6/1998');
insert into online_customers (c_id, login, password, nickname, payment_card, date_of_birth) values (36, 'snoonez', 'okjVkmAuke', 'abeentjesz', '374283945062321', '4/9/1962');
insert into online_customers (c_id, login, password, nickname, payment_card, date_of_birth) values (37, 'ghinstridge10', 'ZpG2g9Bv', 'kkoppke10', '372301711297962', '4/7/1978');
insert into online_customers (c_id, login, password, nickname, payment_card, date_of_birth) values (38, 'gnenci11', 'zcOChRhrl5oz', 'bwillbraham11', '374283876490541', '8/1/1951');
insert into online_customers (c_id, login, password, nickname, payment_card, date_of_birth) values (39, 'mwillshear12', 'bNR9B4zHJ', 'cjoannidi12', '372301634257747', '10/6/1972');
insert into online_customers (c_id, login, password, nickname, payment_card, date_of_birth) values (40, 'sboldry13', 'kiAofEKM46o', 'mleport13', '374288874540262', '6/1/1951');
insert into online_customers (c_id, login, password, nickname, payment_card, date_of_birth) values (41, 'mmcgreal14', '2GgCCvMU', 'bhinemoor14', '374622145209689', '3/12/1971');
insert into online_customers (c_id, login, password, nickname, payment_card, date_of_birth) values (42, 'mshimman15', 'vmq7RwSH0jzZ', 'kdecruze15', '374622873250855', '7/6/1979');
insert into online_customers (c_id, login, password, nickname, payment_card, date_of_birth) values (43, 'thinkensen16', 'aNEKWUPp', 'edowbakin16', '374288968539550', '6/4/1958');
insert into online_customers (c_id, login, password, nickname, payment_card, date_of_birth) values (44, 'rclemanceau17', 'c2sou7JLzb', 'hblaker17', '337941610179474', '10/9/1965');
insert into online_customers (c_id, login, password, nickname, payment_card, date_of_birth) values (45, 'lhartshorn18', 'Zs3vYmJhhL1', 'bbarthorpe18', '373009292071842', '3/8/1994');
insert into online_customers (c_id, login, password, nickname, payment_card, date_of_birth) values (46, 'slorenzini19', 'Xdvu57a4pTp', 'whazlewood19', '374622108198903', '1/8/1961');
insert into online_customers (c_id, login, password, nickname, payment_card, date_of_birth) values (47, 'sitskovitz1a', 'JLK1r8QNu', 'cwaddilove1a', '349472388896087', '5/5/2001');
insert into online_customers (c_id, login, password, nickname, payment_card, date_of_birth) values (48, 'rbediss1b', 'FerDJbVuFiO', 'enortham1b', '374283404052979', '10/1/1965');
insert into online_customers (c_id, login, password, nickname, payment_card, date_of_birth) values (49, 'xgimblet1c', 'mzwvPoa6Hud', 'jvandermerwe1c', '372301312953526', '1/3/1984');
insert into online_customers (c_id, login, password, nickname, payment_card, date_of_birth) values (50, 'pmounfield1d', '7v2EIP3ZE', 'eottee1d', '340197518891216', '12/5/1967');
insert into online_customers (c_id, login, password, nickname, payment_card, date_of_birth) values (51, 'cefford1e', '8KggDyCFUsFw', 'sbarribal1e', '374288282442051', '7/2/1994');
insert into online_customers (c_id, login, password, nickname, payment_card, date_of_birth) values (52, 'cpoff1f', 'NGaJPBSv9', 'delmer1f', '349691395293075', '5/9/1996');
insert into online_customers (c_id, login, password, nickname, payment_card, date_of_birth) values (53, 'lgavin1g', 'rvxkcn3', 'ddewolfe1g', '337941473622651', '5/6/1981');
insert into online_customers (c_id, login, password, nickname, payment_card, date_of_birth) values (54, 'aboichat1h', 'onNCZwsJjMRq', 'rdumbreck1h', '374288344407829', '1/2/1952');
insert into online_customers (c_id, login, password, nickname, payment_card, date_of_birth) values (55, 'bconibeer1i', 'Sb5pre0', 'thankinson1i', '374288864344055', '7/2/1968');
insert into online_customers (c_id, login, password, nickname, payment_card, date_of_birth) values (56, 'arysdale1j', '7jhriBx', 'plicquorish1j', '337941917371089', '2/8/1960');
insert into online_customers (c_id, login, password, nickname, payment_card, date_of_birth) values (57, 'kbrokenshaw1k', 'ubazNixzy6', 'dpadgham1k', '337941958595851', '11/6/1985');
insert into online_customers (c_id, login, password, nickname, payment_card, date_of_birth) values (58, 'grosenhaupt1l', '7vdvVwQou0Ph', 'cabram1l', '374061855097341', '11/7/1966');
insert into online_customers (c_id, login, password, nickname, payment_card, date_of_birth) values (59, 'asewart1m', 'K1rEbxYqI', 'lwistance1m', '374622926902064', '8/5/1966');
insert into online_customers (c_id, login, password, nickname, payment_card, date_of_birth) values (60, 'jingrem1n', '4TE4D7w', 'efriberg1n', '374283786578096', '6/2/1951');
insert into online_customers (c_id, login, password, nickname, payment_card, date_of_birth) values (61, 'mbebis1o', 'kx7a9AtV03', 'wsulley1o', '374283742592595', '10/7/1953');
insert into online_customers (c_id, login, password, nickname, payment_card, date_of_birth) values (62, 'mwarrack1p', 'HY6C885x', 'tteers1p', '372301245757499', '11/1/1962');
insert into online_customers (c_id, login, password, nickname, payment_card, date_of_birth) values (63, 'hmaldin1q', 'EAMK3dv5Bc', 'whydes1q', '374283208339762', '4/2/1990');
insert into online_customers (c_id, login, password, nickname, payment_card, date_of_birth) values (64, 'ocattach1r', 'KrAEgfjNM6', 'kwaterfall1r', '374283910336957', '5/6/1956');
insert into online_customers (c_id, login, password, nickname, payment_card, date_of_birth) values (65, 'wbaptist1s', 'BibKjjSL', 'tmiddlemist1s', '374288604823160', '12/4/1975');
insert into online_customers (c_id, login, password, nickname, payment_card, date_of_birth) values (66, 'fletson1t', 'QqGUQOHbmCs', 'pmulliss1t', '376717084910038', '6/8/1995');
insert into online_customers (c_id, login, password, nickname, payment_card, date_of_birth) values (67, 'areedshaw1u', '4s1TojM0', 'jkeward1u', '345093392382023', '7/3/1995');
insert into online_customers (c_id, login, password, nickname, payment_card, date_of_birth) values (68, 'gmegroff1v', 'Lkz9wyIEZ', 'mmorgan1v', '372301468418985', '2/1/1966');
insert into online_customers (c_id, login, password, nickname, payment_card, date_of_birth) values (69, 'tfrancie1w', 'yyPvwLH9T', 'mpaulley1w', '374622884755835', '2/3/1980');
insert into online_customers (c_id, login, password, nickname, payment_card, date_of_birth) values (70, 'kodreain1x', 'yB3bMyoc', 'agouldstone1x', '337941110317038', '3/2/1971');
insert into online_customers (c_id, login, password, nickname, payment_card, date_of_birth) values (71, 'rbollin1y', 'Omk3hCh3fx', 'llownie1y', '374283630679652', '6/3/1973');
insert into online_customers (c_id, login, password, nickname, payment_card, date_of_birth) values (72, 'mlegrice1z', 'HNzyUMy9b', 'medwins1z', '372301672938349', '11/12/1992');
insert into online_customers (c_id, login, password, nickname, payment_card, date_of_birth) values (73, 'nciotto20', 'mHPJ8PwO', 'ihamon20', '341988543495984', '6/7/1979');
insert into online_customers (c_id, login, password, nickname, payment_card, date_of_birth) values (74, 'kbowstead21', 'TEHWo1L', 'gweems21', '374283733733463', '3/5/2002');
insert into online_customers (c_id, login, password, nickname, payment_card, date_of_birth) values (75, 'asimoneau22', 'ewGQ6yom', 'rhickeringill22', '374622040159427', '8/5/1952');
insert into online_customers (c_id, login, password, nickname, payment_card, date_of_birth) values (76, 'bscotchbrook23', 'MCs5N0y', 'ddimic23', '374283924324783', '3/3/1962');
insert into online_customers (c_id, login, password, nickname, payment_card, date_of_birth) values (77, 'badie24', 'ObU8OUbFw', 'rluttger24', '374622717188550', '10/3/1972');
insert into online_customers (c_id, login, password, nickname, payment_card, date_of_birth) values (78, 'jcoite25', 'GTWCad0vyx', 'ldenholm25', '337941768620014', '11/5/1986');
insert into online_customers (c_id, login, password, nickname, payment_card, date_of_birth) values (79, 'lbinnall26', 'NqaPMhIrD', 'zshill26', '374283297392003', '12/4/1963');
insert into online_customers (c_id, login, password, nickname, payment_card, date_of_birth) values (80, 'cblind27', 's7w7aLPZLNbX', 'nsummers27', '376319977300144', '1/9/1965');
insert into online_customers (c_id, login, password, nickname, payment_card, date_of_birth) values (81, 'mferriday28', 't86vPCeurBx', 'ntuckwood28', '374283894820554', '6/3/1976');
insert into online_customers (c_id, login, password, nickname, payment_card, date_of_birth) values (82, 'lskarr29', 'l5VSPb6iRRC', 'nparadis29', '337941456365658', '9/5/1959');
insert into online_customers (c_id, login, password, nickname, payment_card, date_of_birth) values (83, 'dconaboy2a', '3iQ87ENIPa', 'cburch2a', '346740706780602', '4/2/1996');
insert into online_customers (c_id, login, password, nickname, payment_card, date_of_birth) values (84, 'ovasnetsov2b', 'AZ9yU7bsyoII', 'lhackwell2b', '374622598167830', '3/5/1994');
insert into online_customers (c_id, login, password, nickname, payment_card, date_of_birth) values (85, 'ksnyder2c', 'e8LJ6L9R2G', 'wlinn2c', '374283815304928', '4/2/1975');
insert into online_customers (c_id, login, password, nickname, payment_card, date_of_birth) values (86, 'swilkisson2d', 'x68csi', 'lgiovani2d', '374622635727596', '1/4/1950');
insert into online_customers (c_id, login, password, nickname, payment_card, date_of_birth) values (87, 'bwestwell2e', 'xpVJQt', 'cstack2e', '374283849767280', '1/1/1974');
insert into online_customers (c_id, login, password, nickname, payment_card, date_of_birth) values (88, 'oballston2f', 'vH7UkLIN', 'mburgne2f', '374622470248906', '5/3/1994');
insert into online_customers (c_id, login, password, nickname, payment_card, date_of_birth) values (89, 'mhinzer2g', 'KJaWffMPR', 'xsanti2g', '379849800740667', '7/2/1955');
insert into online_customers (c_id, login, password, nickname, payment_card, date_of_birth) values (90, 'wandriveau2h', 'WI9rtytrm', 'cashtonhurst2h', '337941911030699', '6/6/1967');
insert into online_customers (c_id, login, password, nickname, payment_card, date_of_birth) values (91, 'klackner2i', 'gI3cCeXNUxu', 'rife2i', '374622233328797', '7/9/2002');
insert into online_customers (c_id, login, password, nickname, payment_card, date_of_birth) values (92, 'tharrismith2j', 'HgHKyVw23ZGE', 'whendrickx2j', '374622237462790', '11/1/1963');
insert into online_customers (c_id, login, password, nickname, payment_card, date_of_birth) values (93, 'tfusco2k', '6Tlw3Tosw', 'rcaple2k', '342366984304057', '5/8/1963');
insert into online_customers (c_id, login, password, nickname, payment_card, date_of_birth) values (94, 'ebenedict2l', '6ILqzV4', 'okaplin2l', '379864896252105', '9/2/1980');
insert into online_customers (c_id, login, password, nickname, payment_card, date_of_birth) values (95, 'wmasdon2m', 'VmdV1Xnkf9uE', 'cgolland2m', '374283903555035', '4/6/1974');
insert into online_customers (c_id, login, password, nickname, payment_card, date_of_birth) values (96, 'amurphey2n', 'D95WZhG', 'cnaisbet2n', '374060297599468', '6/1/2000');
insert into online_customers (c_id, login, password, nickname, payment_card, date_of_birth) values (97, 'tmarchello2o', '8phmlH00', 'vkiendl2o', '374283015113137', '7/9/1972');
insert into online_customers (c_id, login, password, nickname, payment_card, date_of_birth) values (98, 'rswindley2p', 'r0vfgKHS7l', 'tpiel2p', '374283461034985', '12/4/1999');
insert into online_customers (c_id, login, password, nickname, payment_card, date_of_birth) values (99, 'lsimmance2q', 'TxsKZKEwT', 'ibech2q', '374283282259100', '7/7/1994');
insert into online_customers (c_id, login, password, nickname, payment_card, date_of_birth) values (100, 'mrikderby2r', 'DSICjuojpH', 'ohddestons2r', '374621348610613', '9/6/1968');


insert into brand values (1, 'Starbucks');
insert into brand values (2, 'Snickers');
insert into brand values (3, 'Chupa Chups');
insert into brand values (4, 'Royal Canin');
insert into brand values (5, 'Kinder');
insert into brand values (6, 'Alpen Gold');
insert into brand values (7, 'Nescafe');
insert into brand values (8, 'Jim Beam');
insert into brand values (9, 'Milka');
insert into brand values (10, 'Henneasy');
insert into brand values (11, 'Nespresso');
insert into brand values (12, 'Schweppes');
insert into brand values (13, 'Lays');
insert into brand values (14, 'Lavazza');
insert into brand values (15, 'Pepsico');
insert into brand values (16, 'Lipton');
insert into brand values (17, 'Nesquik');
insert into brand values (18, 'Kitkat');
insert into brand values (19, 'Whiscas');
insert into brand values (20, 'Danone');
insert into brand values (21, 'Happy Cow');
insert into brand values (22, 'Local products');

insert into sub_brand values (1, 1, 'Starbucks Coffee');
insert into sub_brand values (2, 1, 'Starbucks Donut');
insert into sub_brand values (3, 2, 'Snickers White Chocolade');
insert into sub_brand values (4, 2, 'Snickers Black Chocolade');
insert into sub_brand values (5, 3, 'Standart Chupa Chups');
insert into sub_brand values (6, 3, 'Chocolade Chupa Chups');
insert into sub_brand values (7, 3, 'Milk Chupa Chups');
insert into sub_brand values (8, 4, 'For cats');
insert into sub_brand values (9, 4, 'For dogs');
insert into sub_brand values (10, 5, 'Kinder surprise');
insert into sub_brand values (11, 5, 'Kinder chocolade');
insert into sub_brand values (12, 6, 'Wispa');
insert into sub_brand values (13, 6, 'STANDART GOLD');
insert into sub_brand values (14, 7, 'Nescafe Gold');
insert into sub_brand values (15, 7, 'Nescafe Black');
insert into sub_brand values (16, 8, 'Jim Beam Gold');
insert into sub_brand values (17, 8, 'Jim Beam Dark');
insert into sub_brand values (18, 9, 'Milka chocolade');
insert into sub_brand values (19, 9, 'Milka cocktail');
insert into sub_brand values (20, 10, 'Henneasy Gold');
--insert into sub_brand values (21, 10, 'Henneasy Dark');
insert into sub_brand values (22, 11, 'Franche');
insert into sub_brand values (23, 11, 'Russia');
insert into sub_brand values (24, 12, 'OLD');
insert into sub_brand values (25, 12, 'NEW');
insert into sub_brand values (26, 13, 'Special');
insert into sub_brand values (27, 13, 'Standart');
insert into sub_brand values (28, 14, 'Standart');
insert into sub_brand values (30, 15, 'Pepsi');
insert into sub_brand values (31, 15, 'Cheetos');
insert into sub_brand values (32, 16, 'Pepsico');
insert into sub_brand values (33, 16, 'Tea');
insert into sub_brand values (34, 17, 'Nestle');
insert into sub_brand values (35, 17, 'Cocktail');
insert into sub_brand values (36, 18, 'White');
insert into sub_brand values (37, 18, 'Dark');
insert into sub_brand values (38, 19, 'WHCATS');
insert into sub_brand values (39, 20, 'Cocktail');
insert into sub_brand values (40, 20, 'Yogurt');
insert into sub_brand values (41, 21, 'For Home');
insert into sub_brand values (42, 21, 'For animals');
insert into sub_brand values (43, 22, 'For each country');

insert into store (s_id, s_name, adress, work_schedule) values (1, 'Hatity', ('Suriname', 'Nieuw Nickerie', 'Kinsman', '93272 Stoughton Trail'), ('9:37', '23:47'));
insert into store (s_id, s_name, adress, work_schedule) values (2, 'Konklux', ('Palestinian Territory', 'Yāsūf', 'Evergreen', '19811 Blaine Circle'), ('9:41', '22:28'));
insert into store (s_id, s_name, adress, work_schedule) values (3, 'Stringtough', ('Yemen', 'Al Ḩayfah', 'Parkside', '0 Continental Drive'), ('9:27', '23:08'));
insert into store (s_id, s_name, adress, work_schedule) values (4, 'Tin', ('Russia', 'Anzhero-Sudzhensk', '5th', '608 Prairie Rose Drive'), ('9:09', '22:15'));
insert into store (s_id, s_name, adress, work_schedule) values (5, 'Biodex', ('China', 'Qunsheng', 'Huxley', '940 Calypso Junction'), ('9:21', '21:05'));
insert into store (s_id, s_name, adress, work_schedule) values (6, 'Job', ('Russia', 'Novotitarovskaya', 'Michigan', '6 Nobel Circle'), ('9:45', '22:30'));
insert into store (s_id, s_name, adress, work_schedule) values (7, 'Cardguard', ('France', 'Nanterre', 'Arizona', '8 Rieder Crossing'), ('9:19', '23:15'));
insert into store (s_id, s_name, adress, work_schedule) values (8, 'Ronstring', ('Malaysia', 'Kuantan', 'Clemons', '61 Little Fleur Road'), ('9:52', '23:46'));
insert into store (s_id, s_name, adress, work_schedule) values (9, 'Cardify', ('Argentina', 'Bell Ville', 'Rowland', '18 Westridge Place'), ('9:40', '22:53'));
insert into store (s_id, s_name, adress, work_schedule) values (10, 'Lotstring', ('Sweden', 'Ed', 'Longview', '389 Columbus Pass'), ('9:00', '23:28'));


insert into phone_number (ph_id, id, phone_number) values (1, 1, '906-228-8204');
insert into phone_number (ph_id, id, phone_number) values (2, 2, '137-210-3733');
insert into phone_number (ph_id, id, phone_number) values (3, 3, '504-479-2462');
insert into phone_number (ph_id, id, phone_number) values (4, 4, '747-850-7015');
insert into phone_number (ph_id, id, phone_number) values (5, 5, '404-917-0108');
insert into phone_number (ph_id, id, phone_number) values (6, 6, '730-393-9297');
insert into phone_number (ph_id, id, phone_number) values (7, 7, '563-329-3021');
insert into phone_number (ph_id, id, phone_number) values (8, 8, '775-951-5617');
insert into phone_number (ph_id, id, phone_number) values (9, 9, '990-843-7523');
insert into phone_number (ph_id, id, phone_number) values (10, 10, '903-432-9855');
insert into phone_number (ph_id, id, phone_number) values (11, 11, '876-283-8493');
insert into phone_number (ph_id, id, phone_number) values (12, 12, '100-614-8987');
insert into phone_number (ph_id, id, phone_number) values (13, 13, '501-905-6108');
insert into phone_number (ph_id, id, phone_number) values (14, 14, '287-332-3200');
insert into phone_number (ph_id, id, phone_number) values (15, 15, '202-981-7315');
insert into phone_number (ph_id, id, phone_number) values (16, 16, '222-512-4112');
insert into phone_number (ph_id, id, phone_number) values (17, 17, '170-578-0951');
insert into phone_number (ph_id, id, phone_number) values (18, 18, '889-139-0585');
insert into phone_number (ph_id, id, phone_number) values (19, 19, '450-959-3946');
insert into phone_number (ph_id, id, phone_number) values (20, 20, '171-105-6535');
insert into phone_number (ph_id, id, phone_number) values (21, 21, '347-518-4877');
insert into phone_number (ph_id, id, phone_number) values (22, 22, '174-299-1383');
insert into phone_number (ph_id, id, phone_number) values (23, 23, '292-574-6518');
insert into phone_number (ph_id, id, phone_number) values (24, 24, '917-916-2783');
insert into phone_number (ph_id, id, phone_number) values (25, 25, '716-436-7482');
insert into phone_number (ph_id, id, phone_number) values (26, 26, '134-874-3773');
insert into phone_number (ph_id, id, phone_number) values (27, 27, '264-237-7739');
insert into phone_number (ph_id, id, phone_number) values (28, 28, '719-177-1495');
insert into phone_number (ph_id, id, phone_number) values (29, 29, '273-480-2778');
insert into phone_number (ph_id, id, phone_number) values (30, 30, '799-232-9692');
insert into phone_number (ph_id, id, phone_number) values (31, 31, '440-604-7173');
insert into phone_number (ph_id, id, phone_number) values (32, 32, '307-300-5333');
insert into phone_number (ph_id, id, phone_number) values (33, 33, '158-851-7819');
insert into phone_number (ph_id, id, phone_number) values (34, 34, '312-860-4690');
insert into phone_number (ph_id, id, phone_number) values (35, 35, '875-189-5117');
insert into phone_number (ph_id, id, phone_number) values (36, 36, '704-715-2020');
insert into phone_number (ph_id, id, phone_number) values (37, 37, '345-118-3456');
insert into phone_number (ph_id, id, phone_number) values (38, 38, '999-616-1560');
insert into phone_number (ph_id, id, phone_number) values (39, 39, '767-243-3924');
insert into phone_number (ph_id, id, phone_number) values (40, 40, '980-422-0909');
insert into phone_number (ph_id, id, phone_number) values (41, 41, '561-624-9572');
insert into phone_number (ph_id, id, phone_number) values (42, 42, '982-817-2015');
insert into phone_number (ph_id, id, phone_number) values (43, 43, '216-545-4368');
insert into phone_number (ph_id, id, phone_number) values (44, 44, '253-969-2045');
insert into phone_number (ph_id, id, phone_number) values (45, 45, '292-173-4458');
insert into phone_number (ph_id, id, phone_number) values (46, 46, '782-684-5389');
insert into phone_number (ph_id, id, phone_number) values (47, 47, '592-561-7047');
insert into phone_number (ph_id, id, phone_number) values (48, 48, '369-434-9488');
insert into phone_number (ph_id, id, phone_number) values (49, 49, '836-118-5672');
insert into phone_number (ph_id, id, phone_number) values (50, 50, '691-486-5368');
insert into phone_number (ph_id, id, phone_number) values (51, 51, '903-601-2939');
insert into phone_number (ph_id, id, phone_number) values (52, 52, '367-835-4425');
insert into phone_number (ph_id, id, phone_number) values (53, 53, '762-757-6514');
insert into phone_number (ph_id, id, phone_number) values (54, 54, '130-862-2071');
insert into phone_number (ph_id, id, phone_number) values (55, 55, '886-984-1516');
insert into phone_number (ph_id, id, phone_number) values (56, 56, '221-123-8367');
insert into phone_number (ph_id, id, phone_number) values (57, 57, '491-769-2509');
insert into phone_number (ph_id, id, phone_number) values (58, 58, '283-730-9269');
insert into phone_number (ph_id, id, phone_number) values (59, 59, '988-791-3679');
insert into phone_number (ph_id, id, phone_number) values (60, 60, '940-458-5883');
insert into phone_number (ph_id, id, phone_number) values (61, 61, '909-778-2836');
insert into phone_number (ph_id, id, phone_number) values (62, 62, '372-274-8482');
insert into phone_number (ph_id, id, phone_number) values (63, 63, '373-255-5913');
insert into phone_number (ph_id, id, phone_number) values (64, 64, '769-276-6093');
insert into phone_number (ph_id, id, phone_number) values (65, 65, '835-670-1203');
insert into phone_number (ph_id, id, phone_number) values (66, 66, '723-917-9175');
insert into phone_number (ph_id, id, phone_number) values (67, 67, '608-331-9519');
insert into phone_number (ph_id, id, phone_number) values (68, 68, '708-864-6719');
insert into phone_number (ph_id, id, phone_number) values (69, 69, '328-377-6475');
insert into phone_number (ph_id, id, phone_number) values (70, 70, '459-957-2563');
insert into phone_number (ph_id, id, phone_number) values (71, 71, '226-324-1797');
insert into phone_number (ph_id, id, phone_number) values (72, 72, '976-229-3435');
insert into phone_number (ph_id, id, phone_number) values (73, 73, '293-227-8061');
insert into phone_number (ph_id, id, phone_number) values (74, 74, '583-316-7707');
insert into phone_number (ph_id, id, phone_number) values (75, 75, '266-831-8091');
insert into phone_number (ph_id, id, phone_number) values (76, 76, '292-432-2724');
insert into phone_number (ph_id, id, phone_number) values (77, 77, '506-554-0948');
insert into phone_number (ph_id, id, phone_number) values (78, 78, '978-824-5568');
insert into phone_number (ph_id, id, phone_number) values (79, 79, '751-668-5491');
insert into phone_number (ph_id, id, phone_number) values (80, 80, '735-903-2617');
insert into phone_number (ph_id, id, phone_number) values (81, 81, '977-842-6946');
insert into phone_number (ph_id, id, phone_number) values (82, 82, '753-310-7257');
insert into phone_number (ph_id, id, phone_number) values (83, 83, '136-490-5465');
insert into phone_number (ph_id, id, phone_number) values (84, 84, '973-484-1118');
insert into phone_number (ph_id, id, phone_number) values (85, 85, '612-552-4540');
insert into phone_number (ph_id, id, phone_number) values (86, 86, '627-796-3570');
insert into phone_number (ph_id, id, phone_number) values (87, 87, '746-209-8837');
insert into phone_number (ph_id, id, phone_number) values (88, 88, '610-612-9052');
insert into phone_number (ph_id, id, phone_number) values (89, 89, '304-812-3431');
insert into phone_number (ph_id, id, phone_number) values (90, 90, '761-353-4410');
insert into phone_number (ph_id, id, phone_number) values (91, 91, '761-203-8421');
insert into phone_number (ph_id, id, phone_number) values (92, 92, '122-873-3273');
insert into phone_number (ph_id, id, phone_number) values (93, 93, '497-856-9925');
insert into phone_number (ph_id, id, phone_number) values (94, 94, '985-716-3500');
insert into phone_number (ph_id, id, phone_number) values (95, 95, '384-577-4391');
insert into phone_number (ph_id, id, phone_number) values (96, 96, '896-566-4273');
insert into phone_number (ph_id, id, phone_number) values (97, 97, '360-165-8513');
insert into phone_number (ph_id, id, phone_number) values (98, 98, '358-208-2254');
insert into phone_number (ph_id, id, phone_number) values (99, 99, '150-760-7066');
insert into phone_number (ph_id, id, phone_number) values (100, 100, '662-858-1934');
insert into phone_number (ph_id, id, phone_number) values (101, 1, '662-818-1934');
insert into phone_number (ph_id, id, phone_number) values (102, 2, '612-518-1934');
insert into phone_number (ph_id, id, phone_number) values (103, 3, '612-018-1934');





insert into product (p_id, p_name, p_size, p_packing) values (1, 'Coconut Milk - Unsweetened', ('0.5l', '600g'), 'bottle');
insert into product (p_id, p_name, p_size, p_packing) values (2, 'Sauce - Thousand Island', ('1l','1kg') ,'bottle');
insert into product (p_id, p_name, p_size, p_packing)values (3, 'Pepper - Pablano',('0.2','200g') ,'pot');
insert into product (p_id, p_name, p_size, p_packing)values (4, 'Potatoes - Instant',('m^3','4kg') ,'package');
insert into product (p_id, p_name, p_size, p_packing) values (5, 'Soup - Campbells',('2l','400g') ,'pot');
insert into product (p_id, p_name, p_size, p_packing) values (6, 'Tomatillo',('1l','1kg') ,'pot');
insert into product (p_id, p_name, p_size, p_packing) values (7, 'Lamb Rack Frenched Australian',('1l','1kg') ,'pot');
insert into product (p_id, p_name, p_size, p_packing) values (8, 'Numi - Assorted Teas',('0.2l','100g') ,'package');
insert into product (p_id, p_name, p_size, p_packing) values (9, 'Sugar Thermometer',('m^3','20kg') ,'package');
insert into product (p_id, p_name, p_size, p_packing) values (10, 'Mousse - Mango',('2l','400g') ,'package');
insert into product (p_id, p_name, p_size, p_packing) values (11, 'Oil - Truffle, Black',('10l','8kg') ,'pot');

insert into product (p_id, p_name, p_size, p_packing) values (12, 'Star capuchino',('0.5l','500g') ,'bottle');
insert into product (p_id, p_name, p_size, p_packing) values (13, 'Star latte',('0.5l','500g') ,'bottle');
insert into product (p_id, p_name, p_size, p_packing) values (14, 'Big donut',('0.5l','200g') ,'packing');
insert into product (p_id, p_name, p_size, p_packing) values (15, 'Small donut',('1l','400g') ,'packing');
insert into product (p_id, p_name, p_size, p_packing) values (16, 'Small Snickers',('0.2l','100g') ,'packing');
insert into product (p_id, p_name, p_size, p_packing) values (17, 'Big Snickers',('0.3l','170g') ,'packing');
insert into product (p_id, p_name, p_size, p_packing) values (18, 'Small Snickers',('0.2l','100g') ,'packing');
insert into product (p_id, p_name, p_size, p_packing) values (19, 'Big Snickers',('0.3l','170g') ,'packing');


insert into product (p_id, p_name, p_size, p_packing) values (20, 'Baby Chupa',('0.1l','30g') ,'packing');
insert into product (p_id, p_name, p_size, p_packing) values (21, 'Big Chupa',('0.3l','90g') ,'packing');
insert into product (p_id, p_name, p_size, p_packing) values (22, 'Baby chocolade Chupa',('0.1l','40g') ,'packing');
insert into product (p_id, p_name, p_size, p_packing) values (23, 'Big Chocolade Chupa',('0.3l','100g') ,'packing');
insert into product (p_id, p_name, p_size, p_packing) values (24, 'Milk',('0.5l','500g') ,'pot');
insert into product (p_id, p_name, p_size, p_packing) values (25, 'Caneen for cats',('1l','3kg') ,'packing');
insert into product (p_id, p_name, p_size, p_packing) values (26, 'Caneen for dogs',('1l','3kg') ,'packing');
insert into product (p_id, p_name, p_size, p_packing) values (27, 'Kinder surprise',('0.1l','80g') ,'packing');
insert into product (p_id, p_name, p_size, p_packing) values (28, 'Kinder Big',('0.5l','500g') ,'packing');
insert into product (p_id, p_name, p_size, p_packing) values (29, 'Kinder Baby',('0.2l','200g') ,'packing');
insert into product (p_id, p_name, p_size, p_packing) values (30, 'Wispa',('0.2l','150g') ,'packing');
insert into product (p_id, p_name, p_size, p_packing) values (31, 'Alpen Gold Milk',('0.3l','200g') ,'packing');
insert into product (p_id, p_name, p_size, p_packing) values (32, 'Alpen Gold Blueberry',('0.3l','200g') ,'packing');
insert into product (p_id, p_name, p_size, p_packing) values (33, 'Nescafe 2017',('1l','1kg') ,'pot');
insert into product (p_id, p_name, p_size, p_packing) values (34, 'Nescafe 2011',('1l','1kg') ,'pot');


insert into product (p_id, p_name, p_size, p_packing) values (36, 'Jim 0.5l',('0.5l','700g') ,'pot');
insert into product (p_id, p_name, p_size, p_packing) values (37, 'Jim 1l',('1l','1.2kg') ,'pot');
insert into product (p_id, p_name, p_size, p_packing) values (38, 'Jim 0.5l',('0.5l','700g') ,'pot');
insert into product (p_id, p_name, p_size, p_packing) values (39, 'Jim 1l',('1l','1.2kg') ,'pot');

insert into product (p_id, p_name, p_size, p_packing) values (40, 'Milka YOY',('0.2l','200g') ,'packing');
insert into product (p_id, p_name, p_size, p_packing) values (41, 'Milka Strawberry drink',('1l','1kg') ,'pot');
insert into product (p_id, p_name, p_size, p_packing) values (42, 'Heneassy Standart',('1l','1kg') ,'pot');
insert into product (p_id, p_name, p_size, p_packing) values (43, 'Heneassy 1899',('1l','1.2kg') ,'pot');
insert into product (p_id, p_name, p_size, p_packing) values (44, 'Кофе нескр',('1l','1kg') ,'pot');
insert into product (p_id, p_name, p_size, p_packing) values (45, 'Coffee nescr',('1l','1kg') ,'pot');
insert into product (p_id, p_name, p_size, p_packing) values (46, 'Schweppes 2000',('0.5l','500g') ,'pot');
insert into product (p_id, p_name, p_size, p_packing) values (47, 'Schweppes 2021',('0.5l','500g') ,'pot');
insert into product (p_id, p_name, p_size, p_packing) values (48, 'Lays Edition',('1l','200g') ,'packing');
insert into product (p_id, p_name, p_size, p_packing) values (49, 'Lays',('1l','200g') ,'packing');
insert into product (p_id, p_name, p_size, p_packing) values (50, 'Pepsi small',('0.5l','500g') ,'pot');
insert into product (p_id, p_name, p_size, p_packing) values (51, 'Pepsi Big',('2l','2kg') ,'packing');
insert into product (p_id, p_name, p_size, p_packing) values (52, 'Cheetos crab',('0.5l','200g') ,'packing');
insert into product (p_id, p_name, p_size, p_packing) values (53, 'Lipton strawberry',('1l','1kg') ,'packing');
insert into product (p_id, p_name, p_size, p_packing) values (54, 'Lipton banana',('1l','1kg') ,'packing');
insert into product (p_id, p_name, p_size, p_packing) values (55, 'Nes choco',('0.2l','200g') ,'packing');
insert into product (p_id, p_name, p_size, p_packing) values (56, 'New tropic',('0.5l','500g') ,'packing');
insert into product (p_id, p_name, p_size, p_packing) values (57, 'Kitkat',('0.2l','100g') ,'packing');
insert into product (p_id, p_name, p_size, p_packing) values (58, 'Kitkat',('0.1l','50g') ,'packing');
insert into product (p_id, p_name, p_size, p_packing) values (59, 'Whiscas - 2021',('1l','1kg') ,'packing');
insert into product (p_id, p_name, p_size, p_packing) values (60, 'danone 1l',('1l','1kg') ,'packing');
insert into product (p_id, p_name, p_size, p_packing) values (61, 'danone yogurt',('0.4l','300g') ,'packing');
insert into product (p_id, p_name, p_size, p_packing) values (62, 'Milk 0.5 Standart',('0.5l','500g') ,'packing');
insert into product (p_id, p_name, p_size, p_packing) values (63, 'Eat for cow',('0.5l','500g') ,'packing');




insert into prod_in_store VALUES (1, 1, 50, 500);
insert into prod_in_store (prod_id, store_id, amount, price) values (2, 1, 86, 563);
insert into prod_in_store (prod_id, store_id, amount, price) values (3, 1, 71, 778);
insert into prod_in_store (prod_id, store_id, amount, price) values (4, 1, 59, 643);
insert into prod_in_store (prod_id, store_id, amount, price) values (5, 1, 73, 365);
insert into prod_in_store (prod_id, store_id, amount, price) values (6, 1, 56, 330);
insert into prod_in_store (prod_id, store_id, amount, price) values (7, 1, 86, 745);
insert into prod_in_store (prod_id, store_id, amount, price) values (8, 1, 56, 548);
insert into prod_in_store (prod_id, store_id, amount, price) values (9, 1, 75, 977);
insert into prod_in_store (prod_id, store_id, amount, price) values (10, 1, 61, 590);
insert into prod_in_store (prod_id, store_id, amount, price) values (11, 1, 52, 234);
insert into prod_in_store (prod_id, store_id, amount, price) values (12, 1, 62, 641);
insert into prod_in_store (prod_id, store_id, amount, price) values (13, 1, 51, 226);
insert into prod_in_store (prod_id, store_id, amount, price) values (14, 1, 76, 403);
insert into prod_in_store (prod_id, store_id, amount, price) values (15, 1, 98, 407);
insert into prod_in_store (prod_id, store_id, amount, price) values (16, 1, 90, 137);
insert into prod_in_store (prod_id, store_id, amount, price) values (17, 1, 69, 537);
insert into prod_in_store (prod_id, store_id, amount, price) values (18, 1, 84, 956);
insert into prod_in_store (prod_id, store_id, amount, price) values (19, 1, 78, 411);
insert into prod_in_store (prod_id, store_id, amount, price) values (20, 1, 79, 537);
insert into prod_in_store (prod_id, store_id, amount, price) values (21, 1, 97, 963);
insert into prod_in_store (prod_id, store_id, amount, price) values (22, 1, 58, 944);
insert into prod_in_store (prod_id, store_id, amount, price) values (23, 1, 58, 347);
insert into prod_in_store (prod_id, store_id, amount, price) values (24, 1, 85, 888);
insert into prod_in_store (prod_id, store_id, amount, price) values (25, 1, 86, 711);
insert into prod_in_store (prod_id, store_id, amount, price) values (26, 1, 74, 324);
insert into prod_in_store (prod_id, store_id, amount, price) values (27, 1, 97, 595);
insert into prod_in_store (prod_id, store_id, amount, price) values (28, 1, 68, 682);
insert into prod_in_store (prod_id, store_id, amount, price) values (29, 1, 84, 245);
insert into prod_in_store (prod_id, store_id, amount, price) values (30, 1, 57, 548);
insert into prod_in_store (prod_id, store_id, amount, price) values (31, 1, 50, 458);
insert into prod_in_store (prod_id, store_id, amount, price) values (32, 1, 83, 265);
insert into prod_in_store (prod_id, store_id, amount, price) values (33, 1, 79, 362);
insert into prod_in_store (prod_id, store_id, amount, price) values (34, 1, 93, 631);
insert into prod_in_store (prod_id, store_id, amount, price) values (35, 1, 97, 916);
insert into prod_in_store (prod_id, store_id, amount, price) values (36, 1, 73, 715);
insert into prod_in_store (prod_id, store_id, amount, price) values (37, 1, 80, 347);
insert into prod_in_store (prod_id, store_id, amount, price) values (38, 1, 67, 687);
insert into prod_in_store (prod_id, store_id, amount, price) values (39, 1, 80, 200);
insert into prod_in_store (prod_id, store_id, amount, price) values (40, 1, 100, 647);
insert into prod_in_store (prod_id, store_id, amount, price) values (41, 1, 76, 148);
insert into prod_in_store (prod_id, store_id, amount, price) values (42, 1, 57, 712);
insert into prod_in_store (prod_id, store_id, amount, price) values (43, 1, 69, 931);
insert into prod_in_store (prod_id, store_id, amount, price) values (44, 1, 98, 202);
insert into prod_in_store (prod_id, store_id, amount, price) values (45, 1, 60, 376);
insert into prod_in_store (prod_id, store_id, amount, price) values (46, 1, 66, 779);
insert into prod_in_store (prod_id, store_id, amount, price) values (47, 1, 78, 363);
insert into prod_in_store (prod_id, store_id, amount, price) values (48, 1, 60, 132);
insert into prod_in_store (prod_id, store_id, amount, price) values (49, 1, 70, 922);
insert into prod_in_store (prod_id, store_id, amount, price) values (50, 1, 57, 936);
insert into prod_in_store (prod_id, store_id, amount, price) values (51, 1, 67, 739);
insert into prod_in_store (prod_id, store_id, amount, price) values (52, 1, 95, 136);
insert into prod_in_store (prod_id, store_id, amount, price) values (53, 1, 76, 630);
insert into prod_in_store (prod_id, store_id, amount, price) values (54, 1, 85, 953);
insert into prod_in_store (prod_id, store_id, amount, price) values (55, 1, 54, 637);
insert into prod_in_store (prod_id, store_id, amount, price) values (56, 1, 88, 579);
insert into prod_in_store (prod_id, store_id, amount, price) values (57, 1, 66, 821);
insert into prod_in_store (prod_id, store_id, amount, price) values (58, 1, 82, 700);
insert into prod_in_store (prod_id, store_id, amount, price) values (59, 1, 70, 113);
insert into prod_in_store (prod_id, store_id, amount, price) values (60, 1, 62, 566);
insert into prod_in_store (prod_id, store_id, amount, price) values (61, 1, 61, 741);
insert into prod_in_store (prod_id, store_id, amount, price) values (62, 1, 75, 601);
insert into prod_in_store (prod_id, store_id, amount, price) values (63, 1, 80, 947);


insert into prod_in_store (prod_id, store_id, amount, price) values (1, 2, 98, 150);
insert into prod_in_store (prod_id, store_id, amount, price) values (2, 2, 92, 609);
insert into prod_in_store (prod_id, store_id, amount, price) values (3, 2, 68, 894);
insert into prod_in_store (prod_id, store_id, amount, price) values (4, 2, 86, 475);
insert into prod_in_store (prod_id, store_id, amount, price) values (5, 2, 85, 859);
insert into prod_in_store (prod_id, store_id, amount, price) values (6, 2, 92, 635);
insert into prod_in_store (prod_id, store_id, amount, price) values (7, 2, 96, 762);
insert into prod_in_store (prod_id, store_id, amount, price) values (8, 2, 66, 306);
insert into prod_in_store (prod_id, store_id, amount, price) values (9, 2, 63, 618);
insert into prod_in_store (prod_id, store_id, amount, price) values (10, 2, 76, 154);
insert into prod_in_store (prod_id, store_id, amount, price) values (11, 2, 56, 118);
insert into prod_in_store (prod_id, store_id, amount, price) values (12, 2, 70, 705);
insert into prod_in_store (prod_id, store_id, amount, price) values (13, 2, 85, 442);
insert into prod_in_store (prod_id, store_id, amount, price) values (14, 2, 69, 189);
insert into prod_in_store (prod_id, store_id, amount, price) values (15, 2, 91, 608);
insert into prod_in_store (prod_id, store_id, amount, price) values (16, 2, 80, 249);
insert into prod_in_store (prod_id, store_id, amount, price) values (17, 2, 65, 251);
insert into prod_in_store (prod_id, store_id, amount, price) values (18, 2, 71, 449);
insert into prod_in_store (prod_id, store_id, amount, price) values (19, 2, 63, 270);
insert into prod_in_store (prod_id, store_id, amount, price) values (20, 2, 91, 959);
insert into prod_in_store (prod_id, store_id, amount, price) values (21, 2, 51, 257);
insert into prod_in_store (prod_id, store_id, amount, price) values (31, 2, 69, 384);
insert into prod_in_store (prod_id, store_id, amount, price) values (32, 2, 72, 942);
insert into prod_in_store (prod_id, store_id, amount, price) values (33, 2, 50, 814);
insert into prod_in_store (prod_id, store_id, amount, price) values (34, 2, 54, 816);
insert into prod_in_store (prod_id, store_id, amount, price) values (35, 2, 50, 132);
insert into prod_in_store (prod_id, store_id, amount, price) values (36, 2, 53, 645);
insert into prod_in_store (prod_id, store_id, amount, price) values (37, 2, 61, 690);
insert into prod_in_store (prod_id, store_id, amount, price) values (38, 2, 55, 472);
insert into prod_in_store (prod_id, store_id, amount, price) values (39, 2, 50, 983);
insert into prod_in_store (prod_id, store_id, amount, price) values (40, 2, 73, 370);
insert into prod_in_store (prod_id, store_id, amount, price) values (41, 2, 76, 277);
insert into prod_in_store (prod_id, store_id, amount, price) values (42, 2, 76, 560);
insert into prod_in_store (prod_id, store_id, amount, price) values (43, 2, 73, 892);
insert into prod_in_store (prod_id, store_id, amount, price) values (44, 2, 88, 529);
insert into prod_in_store (prod_id, store_id, amount, price) values (45, 2, 100, 665);
insert into prod_in_store (prod_id, store_id, amount, price) values (58, 2, 85, 946);
insert into prod_in_store (prod_id, store_id, amount, price) values (59, 2, 83, 107);
insert into prod_in_store (prod_id, store_id, amount, price) values (60, 2, 61, 286);
insert into prod_in_store (prod_id, store_id, amount, price) values (61, 2, 97, 922);
insert into prod_in_store (prod_id, store_id, amount, price) values (62, 2, 55, 642);
insert into prod_in_store (prod_id, store_id, amount, price) values (63, 2, 97, 741);

insert into prod_in_store (prod_id, store_id, amount, price) values (17, 3, 87, 161);
insert into prod_in_store (prod_id, store_id, amount, price) values (18, 3, 89, 334);
insert into prod_in_store (prod_id, store_id, amount, price) values (19, 3, 70, 875);
insert into prod_in_store (prod_id, store_id, amount, price) values (20, 3, 85, 437);
insert into prod_in_store (prod_id, store_id, amount, price) values (40, 3, 60, 301);
insert into prod_in_store (prod_id, store_id, amount, price) values (41, 3, 58, 124);
insert into prod_in_store (prod_id, store_id, amount, price) values (42, 3, 53, 801);
insert into prod_in_store (prod_id, store_id, amount, price) values (43, 3, 89, 617);
insert into prod_in_store (prod_id, store_id, amount, price) values (44, 3, 88, 889);
insert into prod_in_store (prod_id, store_id, amount, price) values (45, 3, 55, 886);
insert into prod_in_store (prod_id, store_id, amount, price) values (46, 3, 75, 758);
insert into prod_in_store (prod_id, store_id, amount, price) values (47, 3, 96, 847);
insert into prod_in_store (prod_id, store_id, amount, price) values (48, 3, 58, 1000);
insert into prod_in_store (prod_id, store_id, amount, price) values (49, 3, 63, 613);
insert into prod_in_store (prod_id, store_id, amount, price) values (50, 3, 63, 522);
insert into prod_in_store (prod_id, store_id, amount, price) values (59, 3, 60, 712);
insert into prod_in_store (prod_id, store_id, amount, price) values (60, 3, 84, 909);
insert into prod_in_store (prod_id, store_id, amount, price) values (61, 3, 62, 488);
insert into prod_in_store (prod_id, store_id, amount, price) values (62, 3, 78, 372);
insert into prod_in_store (prod_id, store_id, amount, price) values (63, 3, 56, 567);



insert into prod_in_store (prod_id, store_id, amount, price) values (1, 4, 80, 974);
insert into prod_in_store (prod_id, store_id, amount, price) values (2, 4, 95, 201);
insert into prod_in_store (prod_id, store_id, amount, price) values (3, 4, 92, 409);
insert into prod_in_store (prod_id, store_id, amount, price) values (4, 4, 91, 673);
insert into prod_in_store (prod_id, store_id, amount, price) values (5, 4, 69, 840);
insert into prod_in_store (prod_id, store_id, amount, price) values (6, 4, 70, 548);
insert into prod_in_store (prod_id, store_id, amount, price) values (7, 4, 61, 648);
insert into prod_in_store (prod_id, store_id, amount, price) values (8, 4, 53, 550);
insert into prod_in_store (prod_id, store_id, amount, price) values (9, 4, 88, 215);
insert into prod_in_store (prod_id, store_id, amount, price) values (10, 4, 83, 382);
insert into prod_in_store (prod_id, store_id, amount, price) values (11, 4, 62, 464);
insert into prod_in_store (prod_id, store_id, amount, price) values (12, 4, 64, 979);
insert into prod_in_store (prod_id, store_id, amount, price) values (13, 4, 94, 816);
insert into prod_in_store (prod_id, store_id, amount, price) values (14, 4, 99, 680);
insert into prod_in_store (prod_id, store_id, amount, price) values (15, 4, 84, 513);
insert into prod_in_store (prod_id, store_id, amount, price) values (16, 4, 83, 658);
insert into prod_in_store (prod_id, store_id, amount, price) values (17, 4, 92, 663);
insert into prod_in_store (prod_id, store_id, amount, price) values (18, 4, 70, 449);
insert into prod_in_store (prod_id, store_id, amount, price) values (19, 4, 50, 451);
insert into prod_in_store (prod_id, store_id, amount, price) values (20, 4, 75, 872);
insert into prod_in_store (prod_id, store_id, amount, price) values (21, 4, 83, 635);
insert into prod_in_store (prod_id, store_id, amount, price) values (22, 4, 64, 930);
insert into prod_in_store (prod_id, store_id, amount, price) values (23, 4, 56, 696);
insert into prod_in_store (prod_id, store_id, amount, price) values (24, 4, 63, 254);
insert into prod_in_store (prod_id, store_id, amount, price) values (25, 4, 91, 639);
insert into prod_in_store (prod_id, store_id, amount, price) values (44, 4, 50, 940);
insert into prod_in_store (prod_id, store_id, amount, price) values (45, 4, 63, 990);
insert into prod_in_store (prod_id, store_id, amount, price) values (46, 4, 68, 561);
insert into prod_in_store (prod_id, store_id, amount, price) values (47, 4, 94, 646);
insert into prod_in_store (prod_id, store_id, amount, price) values (48, 4, 58, 371);
insert into prod_in_store (prod_id, store_id, amount, price) values (49, 4, 84, 150);
insert into prod_in_store (prod_id, store_id, amount, price) values (50, 4, 51, 437);
insert into prod_in_store (prod_id, store_id, amount, price) values (51, 4, 67, 113);
insert into prod_in_store (prod_id, store_id, amount, price) values (52, 4, 61, 219);
insert into prod_in_store (prod_id, store_id, amount, price) values (53, 4, 84, 927);
insert into prod_in_store (prod_id, store_id, amount, price) values (54, 4, 64, 516);
insert into prod_in_store (prod_id, store_id, amount, price) values (55, 4, 99, 323);
insert into prod_in_store (prod_id, store_id, amount, price) values (56, 4, 87, 311);
insert into prod_in_store (prod_id, store_id, amount, price) values (57, 4, 59, 997);
insert into prod_in_store (prod_id, store_id, amount, price) values (58, 4, 56, 175);
insert into prod_in_store (prod_id, store_id, amount, price) values (59, 4, 95, 352);
insert into prod_in_store (prod_id, store_id, amount, price) values (60, 4, 78, 216);
insert into prod_in_store (prod_id, store_id, amount, price) values (61, 4, 92, 597);
insert into prod_in_store (prod_id, store_id, amount, price) values (62, 4, 71, 452);
insert into prod_in_store (prod_id, store_id, amount, price) values (63, 4, 68, 356);


insert into prod_in_store (prod_id, store_id, amount, price) values (1, 5, 65, 584);
insert into prod_in_store (prod_id, store_id, amount, price) values (2, 5, 73, 627);
insert into prod_in_store (prod_id, store_id, amount, price) values (3, 5, 51, 954);
insert into prod_in_store (prod_id, store_id, amount, price) values (4, 5, 68, 462);
insert into prod_in_store (prod_id, store_id, amount, price) values (5, 5, 71, 386);
insert into prod_in_store (prod_id, store_id, amount, price) values (6, 5, 50, 380);
insert into prod_in_store (prod_id, store_id, amount, price) values (7, 5, 56, 114);
insert into prod_in_store (prod_id, store_id, amount, price) values (8, 5, 87, 386);
insert into prod_in_store (prod_id, store_id, amount, price) values (9, 5, 80, 709);
insert into prod_in_store (prod_id, store_id, amount, price) values (10, 5, 51, 955);
insert into prod_in_store (prod_id, store_id, amount, price) values (11, 5, 74, 542);
insert into prod_in_store (prod_id, store_id, amount, price) values (12, 5, 77, 212);
insert into prod_in_store (prod_id, store_id, amount, price) values (13, 5, 94, 710);
insert into prod_in_store (prod_id, store_id, amount, price) values (14, 5, 78, 980);
insert into prod_in_store (prod_id, store_id, amount, price) values (15, 5, 92, 621);
insert into prod_in_store (prod_id, store_id, amount, price) values (16, 5, 82, 932);
insert into prod_in_store (prod_id, store_id, amount, price) values (17, 5, 98, 477);
insert into prod_in_store (prod_id, store_id, amount, price) values (18, 5, 53, 850);
insert into prod_in_store (prod_id, store_id, amount, price) values (19, 5, 61, 700);
insert into prod_in_store (prod_id, store_id, amount, price) values (20, 5, 73, 240);
insert into prod_in_store (prod_id, store_id, amount, price) values (21, 5, 51, 890);
insert into prod_in_store (prod_id, store_id, amount, price) values (22, 5, 56, 220);
insert into prod_in_store (prod_id, store_id, amount, price) values (23, 5, 65, 810);
insert into prod_in_store (prod_id, store_id, amount, price) values (24, 5, 94, 683);
insert into prod_in_store (prod_id, store_id, amount, price) values (25, 5, 52, 399);
insert into prod_in_store (prod_id, store_id, amount, price) values (26, 5, 91, 104);
insert into prod_in_store (prod_id, store_id, amount, price) values (27, 5, 72, 439);
insert into prod_in_store (prod_id, store_id, amount, price) values (28, 5, 92, 883);
insert into prod_in_store (prod_id, store_id, amount, price) values (29, 5, 87, 496);
insert into prod_in_store (prod_id, store_id, amount, price) values (30, 5, 53, 459);
insert into prod_in_store (prod_id, store_id, amount, price) values (31, 5, 98, 860);
insert into prod_in_store (prod_id, store_id, amount, price) values (32, 5, 67, 108);
insert into prod_in_store (prod_id, store_id, amount, price) values (33, 5, 95, 472);
insert into prod_in_store (prod_id, store_id, amount, price) values (34, 5, 55, 497);
insert into prod_in_store (prod_id, store_id, amount, price) values (36, 5, 93, 598);
insert into prod_in_store (prod_id, store_id, amount, price) values (37, 5, 90, 233);
insert into prod_in_store (prod_id, store_id, amount, price) values (61, 5, 58, 842);
insert into prod_in_store (prod_id, store_id, amount, price) values (62, 5, 99, 103);
insert into prod_in_store (prod_id, store_id, amount, price) values (63, 5, 57, 225);


insert into prod_in_store (prod_id, store_id, amount, price) values (1, 6, 91, 594);
insert into prod_in_store (prod_id, store_id, amount, price) values (2, 6, 100, 658);
insert into prod_in_store (prod_id, store_id, amount, price) values (3, 6, 85, 401);
insert into prod_in_store (prod_id, store_id, amount, price) values (4, 6, 72, 914);
insert into prod_in_store (prod_id, store_id, amount, price) values (5, 6, 83, 491);
insert into prod_in_store (prod_id, store_id, amount, price) values (6, 6, 78, 291);
insert into prod_in_store (prod_id, store_id, amount, price) values (7, 6, 59, 127);
insert into prod_in_store (prod_id, store_id, amount, price) values (8, 6, 85, 878);
insert into prod_in_store (prod_id, store_id, amount, price) values (9, 6, 66, 916);
insert into prod_in_store (prod_id, store_id, amount, price) values (10, 6, 60, 813);
insert into prod_in_store (prod_id, store_id, amount, price) values (11, 6, 93, 502);
insert into prod_in_store (prod_id, store_id, amount, price) values (12, 6, 64, 459);
insert into prod_in_store (prod_id, store_id, amount, price) values (13, 6, 52, 577);
insert into prod_in_store (prod_id, store_id, amount, price) values (14, 6, 88, 600);
insert into prod_in_store (prod_id, store_id, amount, price) values (15, 6, 79, 876);
insert into prod_in_store (prod_id, store_id, amount, price) values (16, 6, 75, 625);
insert into prod_in_store (prod_id, store_id, amount, price) values (17, 6, 77, 984);
insert into prod_in_store (prod_id, store_id, amount, price) values (18, 6, 72, 394);
insert into prod_in_store (prod_id, store_id, amount, price) values (19, 6, 65, 414);
insert into prod_in_store (prod_id, store_id, amount, price) values (20, 6, 68, 554);
insert into prod_in_store (prod_id, store_id, amount, price) values (21, 6, 74, 289);
insert into prod_in_store (prod_id, store_id, amount, price) values (22, 6, 79, 910);
insert into prod_in_store (prod_id, store_id, amount, price) values (23, 6, 97, 678);
insert into prod_in_store (prod_id, store_id, amount, price) values (24, 6, 52, 699);
insert into prod_in_store (prod_id, store_id, amount, price) values (25, 6, 69, 762);
insert into prod_in_store (prod_id, store_id, amount, price) values (26, 6, 83, 978);
insert into prod_in_store (prod_id, store_id, amount, price) values (27, 6, 90, 611);
insert into prod_in_store (prod_id, store_id, amount, price) values (28, 6, 60, 414);
insert into prod_in_store (prod_id, store_id, amount, price) values (29, 6, 50, 630);
insert into prod_in_store (prod_id, store_id, amount, price) values (30, 6, 87, 759);
insert into prod_in_store (prod_id, store_id, amount, price) values (31, 6, 57, 345);
insert into prod_in_store (prod_id, store_id, amount, price) values (32, 6, 78, 574);
insert into prod_in_store (prod_id, store_id, amount, price) values (33, 6, 83, 459);
insert into prod_in_store (prod_id, store_id, amount, price) values (34, 6, 50, 946);
insert into prod_in_store (prod_id, store_id, amount, price) values (36, 6, 90, 267);
insert into prod_in_store (prod_id, store_id, amount, price) values (37, 6, 66, 501);
insert into prod_in_store (prod_id, store_id, amount, price) values (38, 6, 61, 153);
insert into prod_in_store (prod_id, store_id, amount, price) values (39, 6, 87, 457);
insert into prod_in_store (prod_id, store_id, amount, price) values (60, 6, 50, 812);
insert into prod_in_store (prod_id, store_id, amount, price) values (61, 6, 92, 230);
insert into prod_in_store (prod_id, store_id, amount, price) values (62, 6, 94, 784);
insert into prod_in_store (prod_id, store_id, amount, price) values (63, 6, 85, 891);

insert into prod_in_store (prod_id, store_id, amount, price) values (1, 7, 72, 199);
insert into prod_in_store (prod_id, store_id, amount, price) values (2, 7, 66, 606);
insert into prod_in_store (prod_id, store_id, amount, price) values (3, 7, 63, 851);
insert into prod_in_store (prod_id, store_id, amount, price) values (4, 7, 62, 264);
insert into prod_in_store (prod_id, store_id, amount, price) values (5, 7, 65, 925);
insert into prod_in_store (prod_id, store_id, amount, price) values (6, 7, 74, 240);
insert into prod_in_store (prod_id, store_id, amount, price) values (7, 7, 65, 919);
insert into prod_in_store (prod_id, store_id, amount, price) values (8, 7, 56, 797);
insert into prod_in_store (prod_id, store_id, amount, price) values (9, 7, 66, 959);
insert into prod_in_store (prod_id, store_id, amount, price) values (10, 7, 58, 542);
insert into prod_in_store (prod_id, store_id, amount, price) values (11, 7, 68, 804);
insert into prod_in_store (prod_id, store_id, amount, price) values (12, 7, 88, 963);
insert into prod_in_store (prod_id, store_id, amount, price) values (13, 7, 75, 670);
insert into prod_in_store (prod_id, store_id, amount, price) values (14, 7, 63, 668);
insert into prod_in_store (prod_id, store_id, amount, price) values (15, 7, 60, 884);
insert into prod_in_store (prod_id, store_id, amount, price) values (16, 7, 60, 333);
insert into prod_in_store (prod_id, store_id, amount, price) values (17, 7, 74, 828);
insert into prod_in_store (prod_id, store_id, amount, price) values (18, 7, 50, 609);
insert into prod_in_store (prod_id, store_id, amount, price) values (19, 7, 81, 745);
insert into prod_in_store (prod_id, store_id, amount, price) values (20, 7, 83, 103);
insert into prod_in_store (prod_id, store_id, amount, price) values (21, 7, 72, 515);
insert into prod_in_store (prod_id, store_id, amount, price) values (22, 7, 71, 639);
insert into prod_in_store (prod_id, store_id, amount, price) values (23, 7, 58, 195);
insert into prod_in_store (prod_id, store_id, amount, price) values (24, 7, 72, 750);
insert into prod_in_store (prod_id, store_id, amount, price) values (25, 7, 75, 319);
insert into prod_in_store (prod_id, store_id, amount, price) values (26, 7, 70, 479);
insert into prod_in_store (prod_id, store_id, amount, price) values (27, 7, 56, 810);
insert into prod_in_store (prod_id, store_id, amount, price) values (28, 7, 92, 682);
insert into prod_in_store (prod_id, store_id, amount, price) values (29, 7, 56, 224);
insert into prod_in_store (prod_id, store_id, amount, price) values (30, 7, 56, 130);
insert into prod_in_store (prod_id, store_id, amount, price) values (59, 7, 87, 986);
insert into prod_in_store (prod_id, store_id, amount, price) values (60, 7, 94, 617);
insert into prod_in_store (prod_id, store_id, amount, price) values (61, 7, 63, 721);
insert into prod_in_store (prod_id, store_id, amount, price) values (62, 7, 59, 250);
insert into prod_in_store (prod_id, store_id, amount, price) values (63, 7, 78, 997);

insert into prod_in_store (prod_id, store_id, amount, price) values (1, 8, 50, 497);
insert into prod_in_store (prod_id, store_id, amount, price) values (2, 8, 61, 505);
insert into prod_in_store (prod_id, store_id, amount, price) values (3, 8, 61, 355);
insert into prod_in_store (prod_id, store_id, amount, price) values (4, 8, 78, 766);
insert into prod_in_store (prod_id, store_id, amount, price) values (5, 8, 58, 161);
insert into prod_in_store (prod_id, store_id, amount, price) values (6, 8, 77, 380);
insert into prod_in_store (prod_id, store_id, amount, price) values (7, 8, 91, 667);
insert into prod_in_store (prod_id, store_id, amount, price) values (8, 8, 51, 572);
insert into prod_in_store (prod_id, store_id, amount, price) values (9, 8, 78, 617);
insert into prod_in_store (prod_id, store_id, amount, price) values (10, 8, 85, 711);
insert into prod_in_store (prod_id, store_id, amount, price) values (11, 8, 70, 859);
insert into prod_in_store (prod_id, store_id, amount, price) values (12, 8, 67, 683);
insert into prod_in_store (prod_id, store_id, amount, price) values (13, 8, 70, 996);
insert into prod_in_store (prod_id, store_id, amount, price) values (14, 8, 65, 693);
insert into prod_in_store (prod_id, store_id, amount, price) values (15, 8, 69, 750);
insert into prod_in_store (prod_id, store_id, amount, price) values (16, 8, 64, 726);
insert into prod_in_store (prod_id, store_id, amount, price) values (17, 8, 65, 565);
insert into prod_in_store (prod_id, store_id, amount, price) values (18, 8, 78, 877);
insert into prod_in_store (prod_id, store_id, amount, price) values (19, 8, 68, 138);
insert into prod_in_store (prod_id, store_id, amount, price) values (20, 8, 56, 930);
insert into prod_in_store (prod_id, store_id, amount, price) values (21, 8, 67, 364);
insert into prod_in_store (prod_id, store_id, amount, price) values (22, 8, 56, 423);
insert into prod_in_store (prod_id, store_id, amount, price) values (23, 8, 71, 517);
insert into prod_in_store (prod_id, store_id, amount, price) values (24, 8, 54, 979);
insert into prod_in_store (prod_id, store_id, amount, price) values (25, 8, 78, 861);
insert into prod_in_store (prod_id, store_id, amount, price) values (26, 8, 57, 272);
insert into prod_in_store (prod_id, store_id, amount, price) values (27, 8, 99, 256);
insert into prod_in_store (prod_id, store_id, amount, price) values (28, 8, 72, 547);
insert into prod_in_store (prod_id, store_id, amount, price) values (29, 8, 85, 494);
insert into prod_in_store (prod_id, store_id, amount, price) values (30, 8, 72, 612);
insert into prod_in_store (prod_id, store_id, amount, price) values (31, 8, 81, 890);
insert into prod_in_store (prod_id, store_id, amount, price) values (32, 8, 94, 820);
insert into prod_in_store (prod_id, store_id, amount, price) values (33, 8, 85, 970);
insert into prod_in_store (prod_id, store_id, amount, price) values (34, 8, 65, 504);
insert into prod_in_store (prod_id, store_id, amount, price) values (36, 8, 61, 543);
insert into prod_in_store (prod_id, store_id, amount, price) values (37, 8, 88, 902);
insert into prod_in_store (prod_id, store_id, amount, price) values (38, 8, 77, 574);
insert into prod_in_store (prod_id, store_id, amount, price) values (39, 8, 84, 526);
insert into prod_in_store (prod_id, store_id, amount, price) values (40, 8, 69, 907);
insert into prod_in_store (prod_id, store_id, amount, price) values (41, 8, 78, 286);
insert into prod_in_store (prod_id, store_id, amount, price) values (42, 8, 62, 190);
insert into prod_in_store (prod_id, store_id, amount, price) values (43, 8, 87, 499);
insert into prod_in_store (prod_id, store_id, amount, price) values (44, 8, 59, 177);
insert into prod_in_store (prod_id, store_id, amount, price) values (45, 8, 76, 670);
insert into prod_in_store (prod_id, store_id, amount, price) values (46, 8, 58, 157);
insert into prod_in_store (prod_id, store_id, amount, price) values (47, 8, 95, 227);
insert into prod_in_store (prod_id, store_id, amount, price) values (48, 8, 67, 691);
insert into prod_in_store (prod_id, store_id, amount, price) values (49, 8, 86, 165);
insert into prod_in_store (prod_id, store_id, amount, price) values (50, 8, 59, 673);
insert into prod_in_store (prod_id, store_id, amount, price) values (51, 8, 70, 393);
insert into prod_in_store (prod_id, store_id, amount, price) values (52, 8, 84, 770);
insert into prod_in_store (prod_id, store_id, amount, price) values (53, 8, 52, 900);
insert into prod_in_store (prod_id, store_id, amount, price) values (54, 8, 84, 832);
insert into prod_in_store (prod_id, store_id, amount, price) values (55, 8, 99, 261);
insert into prod_in_store (prod_id, store_id, amount, price) values (56, 8, 80, 430);
insert into prod_in_store (prod_id, store_id, amount, price) values (57, 8, 51, 700);
insert into prod_in_store (prod_id, store_id, amount, price) values (58, 8, 65, 470);
insert into prod_in_store (prod_id, store_id, amount, price) values (59, 8, 86, 776);
insert into prod_in_store (prod_id, store_id, amount, price) values (60, 8, 62, 671);
insert into prod_in_store (prod_id, store_id, amount, price) values (61, 8, 53, 706);
insert into prod_in_store (prod_id, store_id, amount, price) values (62, 8, 95, 911);
insert into prod_in_store (prod_id, store_id, amount, price) values (63, 8, 53, 582);

insert into prod_in_store (prod_id, store_id, amount, price) values (1, 9, 80, 748);
insert into prod_in_store (prod_id, store_id, amount, price) values (2, 9, 90, 848);
insert into prod_in_store (prod_id, store_id, amount, price) values (3, 9, 66, 219);
insert into prod_in_store (prod_id, store_id, amount, price) values (4, 9, 97, 825);
insert into prod_in_store (prod_id, store_id, amount, price) values (5, 9, 100, 495);
insert into prod_in_store (prod_id, store_id, amount, price) values (6, 9, 57, 295);
insert into prod_in_store (prod_id, store_id, amount, price) values (7, 9, 58, 464);
insert into prod_in_store (prod_id, store_id, amount, price) values (8, 9, 90, 843);
insert into prod_in_store (prod_id, store_id, amount, price) values (9, 9, 85, 726);
insert into prod_in_store (prod_id, store_id, amount, price) values (10, 9, 100, 592);
insert into prod_in_store (prod_id, store_id, amount, price) values (11, 9, 69, 919);
insert into prod_in_store (prod_id, store_id, amount, price) values (12, 9, 84, 379);
insert into prod_in_store (prod_id, store_id, amount, price) values (13, 9, 61, 587);
insert into prod_in_store (prod_id, store_id, amount, price) values (14, 9, 87, 745);
insert into prod_in_store (prod_id, store_id, amount, price) values (15, 9, 75, 772);
insert into prod_in_store (prod_id, store_id, amount, price) values (16, 9, 59, 533);
insert into prod_in_store (prod_id, store_id, amount, price) values (17, 9, 82, 414);
insert into prod_in_store (prod_id, store_id, amount, price) values (18, 9, 82, 480);
insert into prod_in_store (prod_id, store_id, amount, price) values (19, 9, 50, 483);
insert into prod_in_store (prod_id, store_id, amount, price) values (20, 9, 76, 444);
insert into prod_in_store (prod_id, store_id, amount, price) values (21, 9, 80, 714);
insert into prod_in_store (prod_id, store_id, amount, price) values (22, 9, 95, 347);
insert into prod_in_store (prod_id, store_id, amount, price) values (23, 9, 96, 721);
insert into prod_in_store (prod_id, store_id, amount, price) values (24, 9, 93, 640);
insert into prod_in_store (prod_id, store_id, amount, price) values (25, 9, 61, 244);
insert into prod_in_store (prod_id, store_id, amount, price) values (26, 9, 83, 940);
insert into prod_in_store (prod_id, store_id, amount, price) values (27, 9, 56, 263);
insert into prod_in_store (prod_id, store_id, amount, price) values (28, 9, 94, 597);
insert into prod_in_store (prod_id, store_id, amount, price) values (29, 9, 96, 622);
insert into prod_in_store (prod_id, store_id, amount, price) values (30, 9, 65, 102);
insert into prod_in_store (prod_id, store_id, amount, price) values (31, 9, 88, 797);
insert into prod_in_store (prod_id, store_id, amount, price) values (32, 9, 86, 787);
insert into prod_in_store (prod_id, store_id, amount, price) values (33, 9, 97, 405);
insert into prod_in_store (prod_id, store_id, amount, price) values (34, 9, 70, 463);
insert into prod_in_store (prod_id, store_id, amount, price) values (36, 9, 70, 128);
insert into prod_in_store (prod_id, store_id, amount, price) values (37, 9, 85, 304);
insert into prod_in_store (prod_id, store_id, amount, price) values (38, 9, 61, 498);
insert into prod_in_store (prod_id, store_id, amount, price) values (39, 9, 93, 212);
insert into prod_in_store (prod_id, store_id, amount, price) values (40, 9, 87, 511);
insert into prod_in_store (prod_id, store_id, amount, price) values (41, 9, 63, 571);
insert into prod_in_store (prod_id, store_id, amount, price) values (58, 9, 53, 662);
insert into prod_in_store (prod_id, store_id, amount, price) values (59, 9, 98, 213);
insert into prod_in_store (prod_id, store_id, amount, price) values (60, 9, 96, 900);
insert into prod_in_store (prod_id, store_id, amount, price) values (61, 9, 81, 993);
insert into prod_in_store (prod_id, store_id, amount, price) values (62, 9, 99, 314);
insert into prod_in_store (prod_id, store_id, amount, price) values (63, 9, 53, 217);

insert into prod_in_store (prod_id, store_id, amount, price) values (1, 10, 55, 580);
insert into prod_in_store (prod_id, store_id, amount, price) values (2, 10, 96, 135);
insert into prod_in_store (prod_id, store_id, amount, price) values (3, 10, 93, 710);
insert into prod_in_store (prod_id, store_id, amount, price) values (4, 10, 85, 331);
insert into prod_in_store (prod_id, store_id, amount, price) values (5, 10, 84, 952);
insert into prod_in_store (prod_id, store_id, amount, price) values (6, 10, 79, 743);
insert into prod_in_store (prod_id, store_id, amount, price) values (7, 10, 61, 343);
insert into prod_in_store (prod_id, store_id, amount, price) values (8, 10, 52, 644);
insert into prod_in_store (prod_id, store_id, amount, price) values (9, 10, 81, 501);
insert into prod_in_store (prod_id, store_id, amount, price) values (10, 10, 56, 349);
insert into prod_in_store (prod_id, store_id, amount, price) values (11, 10, 73, 145);
insert into prod_in_store (prod_id, store_id, amount, price) values (12, 10, 58, 412);
insert into prod_in_store (prod_id, store_id, amount, price) values (13, 10, 94, 906);
insert into prod_in_store (prod_id, store_id, amount, price) values (24, 10, 93, 246);
insert into prod_in_store (prod_id, store_id, amount, price) values (25, 10, 97, 731);
insert into prod_in_store (prod_id, store_id, amount, price) values (26, 10, 66, 162);
insert into prod_in_store (prod_id, store_id, amount, price) values (27, 10, 77, 746);
insert into prod_in_store (prod_id, store_id, amount, price) values (28, 10, 81, 623);
insert into prod_in_store (prod_id, store_id, amount, price) values (29, 10, 78, 609);
insert into prod_in_store (prod_id, store_id, amount, price) values (30, 10, 57, 877);
insert into prod_in_store (prod_id, store_id, amount, price) values (31, 10, 50, 937);
insert into prod_in_store (prod_id, store_id, amount, price) values (32, 10, 66, 338);
insert into prod_in_store (prod_id, store_id, amount, price) values (33, 10, 87, 721);
insert into prod_in_store (prod_id, store_id, amount, price) values (34, 10, 84, 296);
insert into prod_in_store (prod_id, store_id, amount, price) values (36, 10, 89, 847);
insert into prod_in_store (prod_id, store_id, amount, price) values (37, 10, 72, 720);
insert into prod_in_store (prod_id, store_id, amount, price) values (38, 10, 87, 380);
insert into prod_in_store (prod_id, store_id, amount, price) values (39, 10, 50, 288);
insert into prod_in_store (prod_id, store_id, amount, price) values (40, 10, 55, 408);
insert into prod_in_store (prod_id, store_id, amount, price) values (41, 10, 98, 175);
insert into prod_in_store (prod_id, store_id, amount, price) values (42, 10, 92, 410);
insert into prod_in_store (prod_id, store_id, amount, price) values (43, 10, 85, 836);
insert into prod_in_store (prod_id, store_id, amount, price) values (44, 10, 53, 570);
insert into prod_in_store (prod_id, store_id, amount, price) values (45, 10, 67, 109);
insert into prod_in_store (prod_id, store_id, amount, price) values (46, 10, 92, 185);
insert into prod_in_store (prod_id, store_id, amount, price) values (47, 10, 78, 689);
insert into prod_in_store (prod_id, store_id, amount, price) values (48, 10, 50, 705);
insert into prod_in_store (prod_id, store_id, amount, price) values (49, 10, 75, 971);
insert into prod_in_store (prod_id, store_id, amount, price) values (50, 10, 60, 380);
insert into prod_in_store (prod_id, store_id, amount, price) values (51, 10, 50, 442);
insert into prod_in_store (prod_id, store_id, amount, price) values (52, 10, 72, 789);
insert into prod_in_store (prod_id, store_id, amount, price) values (53, 10, 67, 567);
insert into prod_in_store (prod_id, store_id, amount, price) values (54, 10, 89, 955);
insert into prod_in_store (prod_id, store_id, amount, price) values (55, 10, 50, 103);
insert into prod_in_store (prod_id, store_id, amount, price) values (56, 10, 65, 214);
insert into prod_in_store (prod_id, store_id, amount, price) values (57, 10, 100, 213);
insert into prod_in_store (prod_id, store_id, amount, price) values (58, 10, 52, 228);
insert into prod_in_store (prod_id, store_id, amount, price) values (59, 10, 85, 401);
insert into prod_in_store (prod_id, store_id, amount, price) values (60, 10, 98, 277);
insert into prod_in_store (prod_id, store_id, amount, price) values (61, 10, 69, 731);
insert into prod_in_store (prod_id, store_id, amount, price) values (62, 10, 98, 218);
insert into prod_in_store (prod_id, store_id, amount, price) values (63, 10, 55, 641);



insert into sub_prod (p_id, s_id) values (1, 43);
insert into sub_prod (p_id, s_id) values (2, 43);
insert into sub_prod (p_id, s_id) values (3, 43);
insert into sub_prod (p_id, s_id) values (4, 43);
insert into sub_prod (p_id, s_id) values (5, 43);
insert into sub_prod (p_id, s_id) values (6, 43);
insert into sub_prod (p_id, s_id) values (7, 43);
insert into sub_prod (p_id, s_id) values (8, 43);
insert into sub_prod (p_id, s_id) values (9, 43);
insert into sub_prod (p_id, s_id) values (10, 43);
insert into sub_prod (p_id, s_id) values (11, 43);
insert into sub_prod (p_id, s_id) values (12, 1);
insert into sub_prod (p_id, s_id) values (13, 1);
insert into sub_prod (p_id, s_id) values (14, 2);
insert into sub_prod (p_id, s_id) values (15, 2);
insert into sub_prod (p_id, s_id) values (16, 3);
insert into sub_prod (p_id, s_id) values (17, 3);
insert into sub_prod (p_id, s_id) values (18, 4);
insert into sub_prod (p_id, s_id) values (19, 4);
insert into sub_prod (p_id, s_id) values (20, 5);
insert into sub_prod (p_id, s_id) values (21, 5);
insert into sub_prod (p_id, s_id) values (22, 6);
insert into sub_prod (p_id, s_id) values (23, 6);
insert into sub_prod (p_id, s_id) values (24, 7);
insert into sub_prod (p_id, s_id) values (25, 8);
insert into sub_prod (p_id, s_id) values (26, 9);
insert into sub_prod (p_id, s_id) values (27, 10);
insert into sub_prod (p_id, s_id) values (28, 11);
insert into sub_prod (p_id, s_id) values (29, 11);
insert into sub_prod (p_id, s_id) values (30, 12);
insert into sub_prod (p_id, s_id) values (31, 13);
insert into sub_prod (p_id, s_id) values (32, 13);
insert into sub_prod (p_id, s_id) values (33, 14);
insert into sub_prod (p_id, s_id) values (34, 15);
insert into sub_prod (p_id, s_id) values (36, 16);
insert into sub_prod (p_id, s_id) values (37, 16);
insert into sub_prod (p_id, s_id) values (38, 17);
insert into sub_prod (p_id, s_id) values (39, 17);
insert into sub_prod (p_id, s_id) values (40, 18);
insert into sub_prod (p_id, s_id) values (41, 19);
insert into sub_prod (p_id, s_id) values (42, 20);
insert into sub_prod (p_id, s_id) values (43, 21);
insert into sub_prod (p_id, s_id) values (44, 22);
insert into sub_prod (p_id, s_id) values (45, 23);
insert into sub_prod (p_id, s_id) values (46, 24);
insert into sub_prod (p_id, s_id) values (47, 25);
insert into sub_prod (p_id, s_id) values (48, 26);
insert into sub_prod (p_id, s_id) values (49, 27);
insert into sub_prod (p_id, s_id) values (50, 28);
insert into sub_prod (p_id, s_id) values (51, 30);
insert into sub_prod (p_id, s_id) values (52, 31);
insert into sub_prod (p_id, s_id) values (53, 32);
insert into sub_prod (p_id, s_id) values (54, 33);
insert into sub_prod (p_id, s_id) values (55, 34);
insert into sub_prod (p_id, s_id) values (56, 35);
insert into sub_prod (p_id, s_id) values (57, 36);
insert into sub_prod (p_id, s_id) values (58, 37);
insert into sub_prod (p_id, s_id) values (59, 38);
insert into sub_prod (p_id, s_id) values (60, 39);
insert into sub_prod (p_id, s_id) values (61, 40);
insert into sub_prod (p_id, s_id) values (62, 41);
insert into sub_prod (p_id, s_id) values (63, 42);

insert into product_type VALUES (1, ('FOOD','DRINK','SODA'));
insert into product_type VALUES (2, ('FOOD','EAT','CHOCOLADE'));
insert into product_type VALUES (3, ('FOOD','DRINK','COCKTAIL'));
insert into product_type VALUES (4, ('FOOD','EAT','SAUCE'));
insert into product_type VALUES (5, ('FOOD','DRINK','COFFEE'));
insert into product_type VALUES (6, ('FOOD','DRINK','TEA'));
insert into product_type VALUES (7, ('FOOD','EAT','donut'));
insert into product_type VALUES (8, ('FOOD','EAT','PRODUCT'));
insert into product_type VALUES (9, ('FOOD','EAT','candy'));
insert into product_type VALUES (10, ('FOOD','DRINK','PRODUCT'));
insert into product_type VALUES (11, ('FOOD','DRINK','ALCOHOL'));
insert into product_type VALUES (12, ('FOOD','EAT','FOR ANIMALS'));

insert into prod_typee (p_id, t_id) values (1, 10);
insert into prod_typee (p_id, t_id) values (2, 4);
insert into prod_typee (p_id, t_id) values (3, 1);
insert into prod_typee (p_id, t_id) values (4, 8);
insert into prod_typee (p_id, t_id) values (5, 8);
insert into prod_typee (p_id, t_id) values (6, 1);
insert into prod_typee (p_id, t_id) values (7, 8);
insert into prod_typee (p_id, t_id) values (8, 10);
insert into prod_typee (p_id, t_id) values (8, 11);
insert into prod_typee (p_id, t_id) values (9, 8);
insert into prod_typee (p_id, t_id) values (10, 8);
insert into prod_typee (p_id, t_id) values (11, 8);
insert into prod_typee (p_id, t_id) values (12, 5);
insert into prod_typee (p_id, t_id) values (13, 5);
insert into prod_typee (p_id, t_id) values (14, 8);
insert into prod_typee (p_id, t_id) values (15, 8);
insert into prod_typee (p_id, t_id) values (16, 8);
insert into prod_typee (p_id, t_id) values (17, 8);
insert into prod_typee (p_id, t_id) values (18, 8);
insert into prod_typee (p_id, t_id) values (19, 8);
insert into prod_typee (p_id, t_id) values (20, 9);
insert into prod_typee (p_id, t_id) values (21, 9);
insert into prod_typee (p_id, t_id) values (22, 8);
insert into prod_typee (p_id, t_id) values (23, 8);
insert into prod_typee (p_id, t_id) values (24, 3);
insert into prod_typee (p_id, t_id) values (24, 10);
insert into prod_typee (p_id, t_id) values (25, 12);
insert into prod_typee (p_id, t_id) values (26, 12);
insert into prod_typee (p_id, t_id) values (27, 8);
insert into prod_typee (p_id, t_id) values (28, 8);
insert into prod_typee (p_id, t_id) values (29, 8);
insert into prod_typee (p_id, t_id) values (30, 8);
insert into prod_typee (p_id, t_id) values (31, 8);
insert into prod_typee (p_id, t_id) values (32, 8);
insert into prod_typee (p_id, t_id) values (33, 5);
insert into prod_typee (p_id, t_id) values (34, 5);
insert into prod_typee (p_id, t_id) values (36, 11);
insert into prod_typee (p_id, t_id) values (37, 11);
insert into prod_typee (p_id, t_id) values (38, 11);
insert into prod_typee (p_id, t_id) values (39, 11);
insert into prod_typee (p_id, t_id) values (40, 8);
insert into prod_typee (p_id, t_id) values (41, 10);
insert into prod_typee (p_id, t_id) values (42, 11);
insert into prod_typee (p_id, t_id) values (43, 11);
insert into prod_typee (p_id, t_id) values (44, 5);
insert into prod_typee (p_id, t_id) values (45, 5);
insert into prod_typee (p_id, t_id) values (46, 1);
insert into prod_typee (p_id, t_id) values (47, 1);
insert into prod_typee (p_id, t_id) values (48, 8);
insert into prod_typee (p_id, t_id) values (49, 8);
insert into prod_typee (p_id, t_id) values (50, 1);
insert into prod_typee (p_id, t_id) values (51, 1);
insert into prod_typee (p_id, t_id) values (52, 8);
insert into prod_typee (p_id, t_id) values (53, 6);
insert into prod_typee (p_id, t_id) values (54, 2);
insert into prod_typee (p_id, t_id) values (55, 3);
insert into prod_typee (p_id, t_id) values (56, 3);
insert into prod_typee (p_id, t_id) values (57, 2);
insert into prod_typee (p_id, t_id) values (58, 2);
insert into prod_typee (p_id, t_id) values (59, 12);
insert into prod_typee (p_id, t_id) values (60, 3);
insert into prod_typee (p_id, t_id) values (61, 8);
insert into prod_typee (p_id, t_id) values (62, 10);
insert into prod_typee (p_id, t_id) values (63, 12);

insert into vendor_prod (ven_id, prod_id, amount) values (1, 1, 69);
insert into vendor_prod (ven_id, prod_id, amount) values (1, 2, 97);
insert into vendor_prod (ven_id, prod_id, amount) values (1, 3, 62);
insert into vendor_prod (ven_id, prod_id, amount) values (1, 4, 82);
insert into vendor_prod (ven_id, prod_id, amount) values (1, 5, 98);
insert into vendor_prod (ven_id, prod_id, amount) values (1, 6, 81);
insert into vendor_prod (ven_id, prod_id, amount) values (1, 7, 71);
insert into vendor_prod (ven_id, prod_id, amount) values (1, 8, 94);
insert into vendor_prod (ven_id, prod_id, amount) values (1, 9, 83);
insert into vendor_prod (ven_id, prod_id, amount) values (1, 10, 67);
insert into vendor_prod (ven_id, prod_id, amount) values (1, 11, 57);
insert into vendor_prod (ven_id, prod_id, amount) values (1, 12, 55);
insert into vendor_prod (ven_id, prod_id, amount) values (1, 13, 55);
insert into vendor_prod (ven_id, prod_id, amount) values (1, 14, 62);
insert into vendor_prod (ven_id, prod_id, amount) values (1, 15, 70);
insert into vendor_prod (ven_id, prod_id, amount) values (1, 16, 66);
insert into vendor_prod (ven_id, prod_id, amount) values (1, 17, 68);
insert into vendor_prod (ven_id, prod_id, amount) values (1, 18, 63);
insert into vendor_prod (ven_id, prod_id, amount) values (1, 19, 56);
insert into vendor_prod (ven_id, prod_id, amount) values (1, 20, 88);
insert into vendor_prod (ven_id, prod_id, amount) values (1, 21, 88);
insert into vendor_prod (ven_id, prod_id, amount) values (1, 22, 62);
insert into vendor_prod (ven_id, prod_id, amount) values (1, 23, 73);
insert into vendor_prod (ven_id, prod_id, amount) values (1, 24, 91);
insert into vendor_prod (ven_id, prod_id, amount) values (1, 25, 96);
insert into vendor_prod (ven_id, prod_id, amount) values (1, 26, 92);
insert into vendor_prod (ven_id, prod_id, amount) values (1, 27, 51);
insert into vendor_prod (ven_id, prod_id, amount) values (1, 28, 60);
insert into vendor_prod (ven_id, prod_id, amount) values (1, 29, 82);
insert into vendor_prod (ven_id, prod_id, amount) values (1, 30, 53);
insert into vendor_prod (ven_id, prod_id, amount) values (1, 31, 62);
insert into vendor_prod (ven_id, prod_id, amount) values (1, 32, 51);
insert into vendor_prod (ven_id, prod_id, amount) values (1, 33, 77);
insert into vendor_prod (ven_id, prod_id, amount) values (1, 34, 78);
insert into vendor_prod (ven_id, prod_id, amount) values (1, 36, 95);
insert into vendor_prod (ven_id, prod_id, amount) values (1, 37, 57);
insert into vendor_prod (ven_id, prod_id, amount) values (1, 38, 72);
insert into vendor_prod (ven_id, prod_id, amount) values (1, 39, 76);
insert into vendor_prod (ven_id, prod_id, amount) values (1, 40, 69);
insert into vendor_prod (ven_id, prod_id, amount) values (1, 41, 69);
insert into vendor_prod (ven_id, prod_id, amount) values (1, 42, 89);
insert into vendor_prod (ven_id, prod_id, amount) values (1, 43, 71);
insert into vendor_prod (ven_id, prod_id, amount) values (1, 44, 70);
insert into vendor_prod (ven_id, prod_id, amount) values (1, 45, 84);
insert into vendor_prod (ven_id, prod_id, amount) values (1, 46, 79);
insert into vendor_prod (ven_id, prod_id, amount) values (1, 47, 76);
insert into vendor_prod (ven_id, prod_id, amount) values (1, 48, 70);
insert into vendor_prod (ven_id, prod_id, amount) values (1, 49, 56);
insert into vendor_prod (ven_id, prod_id, amount) values (1, 50, 56);
insert into vendor_prod (ven_id, prod_id, amount) values (1, 51, 60);
insert into vendor_prod (ven_id, prod_id, amount) values (1, 52, 66);
insert into vendor_prod (ven_id, prod_id, amount) values (1, 53, 96);
insert into vendor_prod (ven_id, prod_id, amount) values (1, 54, 78);
insert into vendor_prod (ven_id, prod_id, amount) values (1, 55, 81);
insert into vendor_prod (ven_id, prod_id, amount) values (1, 56, 68);
insert into vendor_prod (ven_id, prod_id, amount) values (1, 57, 99);
insert into vendor_prod (ven_id, prod_id, amount) values (1, 58, 53);
insert into vendor_prod (ven_id, prod_id, amount) values (1, 59, 56);
insert into vendor_prod (ven_id, prod_id, amount) values (1, 60, 92);
insert into vendor_prod (ven_id, prod_id, amount) values (1, 61, 79);
insert into vendor_prod (ven_id, prod_id, amount) values (1, 62, 76);
insert into vendor_prod (ven_id, prod_id, amount) values (1, 63, 76);

insert into vendor_prod (ven_id, prod_id, amount) values (2, 1, 69);
insert into vendor_prod (ven_id, prod_id, amount) values (2, 2, 86);
insert into vendor_prod (ven_id, prod_id, amount) values (2, 3, 96);
insert into vendor_prod (ven_id, prod_id, amount) values (2, 4, 71);
insert into vendor_prod (ven_id, prod_id, amount) values (2, 5, 91);
insert into vendor_prod (ven_id, prod_id, amount) values (2, 6, 82);
insert into vendor_prod (ven_id, prod_id, amount) values (2, 7, 97);
insert into vendor_prod (ven_id, prod_id, amount) values (2, 8, 61);
insert into vendor_prod (ven_id, prod_id, amount) values (2, 9, 56);
insert into vendor_prod (ven_id, prod_id, amount) values (2, 10, 51);
insert into vendor_prod (ven_id, prod_id, amount) values (2, 11, 63);
insert into vendor_prod (ven_id, prod_id, amount) values (2, 12, 53);
insert into vendor_prod (ven_id, prod_id, amount) values (2, 13, 64);
insert into vendor_prod (ven_id, prod_id, amount) values (2, 14, 73);
insert into vendor_prod (ven_id, prod_id, amount) values (2, 15, 59);
insert into vendor_prod (ven_id, prod_id, amount) values (2, 16, 74);
insert into vendor_prod (ven_id, prod_id, amount) values (2, 17, 81);
insert into vendor_prod (ven_id, prod_id, amount) values (2, 18, 84);
insert into vendor_prod (ven_id, prod_id, amount) values (2, 19, 100);
insert into vendor_prod (ven_id, prod_id, amount) values (2, 20, 70);
insert into vendor_prod (ven_id, prod_id, amount) values (2, 21, 81);
insert into vendor_prod (ven_id, prod_id, amount) values (2, 22, 51);
insert into vendor_prod (ven_id, prod_id, amount) values (2, 23, 72);
insert into vendor_prod (ven_id, prod_id, amount) values (2, 24, 64);
insert into vendor_prod (ven_id, prod_id, amount) values (2, 25, 57);
insert into vendor_prod (ven_id, prod_id, amount) values (2, 26, 86);
insert into vendor_prod (ven_id, prod_id, amount) values (2, 27, 78);
insert into vendor_prod (ven_id, prod_id, amount) values (2, 28, 77);
insert into vendor_prod (ven_id, prod_id, amount) values (2, 29, 80);
insert into vendor_prod (ven_id, prod_id, amount) values (2, 30, 58);
insert into vendor_prod (ven_id, prod_id, amount) values (2, 31, 96);
insert into vendor_prod (ven_id, prod_id, amount) values (2, 32, 81);
insert into vendor_prod (ven_id, prod_id, amount) values (2, 33, 97);
insert into vendor_prod (ven_id, prod_id, amount) values (2, 34, 58);
insert into vendor_prod (ven_id, prod_id, amount) values (2, 36, 87);
insert into vendor_prod (ven_id, prod_id, amount) values (2, 37, 82);
insert into vendor_prod (ven_id, prod_id, amount) values (2, 38, 97);
insert into vendor_prod (ven_id, prod_id, amount) values (2, 39, 77);
insert into vendor_prod (ven_id, prod_id, amount) values (2, 40, 92);
insert into vendor_prod (ven_id, prod_id, amount) values (2, 41, 88);
insert into vendor_prod (ven_id, prod_id, amount) values (2, 42, 74);
insert into vendor_prod (ven_id, prod_id, amount) values (2, 43, 90);
insert into vendor_prod (ven_id, prod_id, amount) values (2, 44, 52);
insert into vendor_prod (ven_id, prod_id, amount) values (2, 45, 61);
insert into vendor_prod (ven_id, prod_id, amount) values (2, 46, 82);
insert into vendor_prod (ven_id, prod_id, amount) values (2, 47, 87);
insert into vendor_prod (ven_id, prod_id, amount) values (2, 48, 66);

insert into vendor_prod (ven_id, prod_id, amount) values (3, 1, 50);
insert into vendor_prod (ven_id, prod_id, amount) values (3, 2, 87);
insert into vendor_prod (ven_id, prod_id, amount) values (3, 3, 50);
insert into vendor_prod (ven_id, prod_id, amount) values (3, 4, 68);
insert into vendor_prod (ven_id, prod_id, amount) values (3, 5, 52);
insert into vendor_prod (ven_id, prod_id, amount) values (3, 6, 87);
insert into vendor_prod (ven_id, prod_id, amount) values (3, 7, 100);
insert into vendor_prod (ven_id, prod_id, amount) values (3, 15, 57);
insert into vendor_prod (ven_id, prod_id, amount) values (3, 16, 58);
insert into vendor_prod (ven_id, prod_id, amount) values (3, 17, 98);
insert into vendor_prod (ven_id, prod_id, amount) values (3, 18, 63);
insert into vendor_prod (ven_id, prod_id, amount) values (3, 19, 50);
insert into vendor_prod (ven_id, prod_id, amount) values (3, 20, 78);
insert into vendor_prod (ven_id, prod_id, amount) values (3, 21, 77);
insert into vendor_prod (ven_id, prod_id, amount) values (3, 22, 85);
insert into vendor_prod (ven_id, prod_id, amount) values (3, 23, 76);
insert into vendor_prod (ven_id, prod_id, amount) values (3, 24, 83);
insert into vendor_prod (ven_id, prod_id, amount) values (3, 25, 53);
insert into vendor_prod (ven_id, prod_id, amount) values (3, 26, 81);
insert into vendor_prod (ven_id, prod_id, amount) values (3, 27, 64);
insert into vendor_prod (ven_id, prod_id, amount) values (3, 28, 61);
insert into vendor_prod (ven_id, prod_id, amount) values (3, 29, 88);
insert into vendor_prod (ven_id, prod_id, amount) values (3, 30, 81);
insert into vendor_prod (ven_id, prod_id, amount) values (3, 31, 96);
insert into vendor_prod (ven_id, prod_id, amount) values (3, 32, 93);
insert into vendor_prod (ven_id, prod_id, amount) values (3, 33, 78);
insert into vendor_prod (ven_id, prod_id, amount) values (3, 34, 70);
insert into vendor_prod (ven_id, prod_id, amount) values (3, 36, 74);
insert into vendor_prod (ven_id, prod_id, amount) values (3, 37, 62);
insert into vendor_prod (ven_id, prod_id, amount) values (3, 38, 93);
insert into vendor_prod (ven_id, prod_id, amount) values (3, 39, 75);
insert into vendor_prod (ven_id, prod_id, amount) values (3, 40, 59);
insert into vendor_prod (ven_id, prod_id, amount) values (3, 41, 58);
insert into vendor_prod (ven_id, prod_id, amount) values (3, 42, 53);
insert into vendor_prod (ven_id, prod_id, amount) values (3, 43, 56);
insert into vendor_prod (ven_id, prod_id, amount) values (3, 44, 50);
insert into vendor_prod (ven_id, prod_id, amount) values (3, 45, 74);
insert into vendor_prod (ven_id, prod_id, amount) values (3, 46, 71);
insert into vendor_prod (ven_id, prod_id, amount) values (3, 47, 54);
insert into vendor_prod (ven_id, prod_id, amount) values (3, 48, 63);
insert into vendor_prod (ven_id, prod_id, amount) values (3, 49, 93);
insert into vendor_prod (ven_id, prod_id, amount) values (3, 50, 69);
insert into vendor_prod (ven_id, prod_id, amount) values (3, 51, 50);
insert into vendor_prod (ven_id, prod_id, amount) values (3, 52, 66);
insert into vendor_prod (ven_id, prod_id, amount) values (3, 53, 79);
insert into vendor_prod (ven_id, prod_id, amount) values (3, 54, 84);
insert into vendor_prod (ven_id, prod_id, amount) values (3, 55, 84);
insert into vendor_prod (ven_id, prod_id, amount) values (3, 56, 93);
insert into vendor_prod (ven_id, prod_id, amount) values (3, 57, 58);
insert into vendor_prod (ven_id, prod_id, amount) values (3, 58, 75);
insert into vendor_prod (ven_id, prod_id, amount) values (3, 59, 82);
insert into vendor_prod (ven_id, prod_id, amount) values (3, 60, 98);
insert into vendor_prod (ven_id, prod_id, amount) values (3, 61, 81);
insert into vendor_prod (ven_id, prod_id, amount) values (3, 62, 88);
insert into vendor_prod (ven_id, prod_id, amount) values (3, 63, 91);

insert into check1 (pur_id) values (13);
insert into check1 (pur_id) values (14);
insert into check1 (pur_id) values (15);
insert into check1 (pur_id) values (16);
insert into check1 (pur_id) values (17);
insert into check1 (pur_id) values (18);
insert into check1 (pur_id) values (19);
insert into check1 (pur_id) values (20);
insert into check1 (pur_id) values (21);
insert into check1 (pur_id) values (22);
insert into check1 (pur_id) values (23);
insert into check1 (pur_id) values (24);
insert into check1 (pur_id) values (25);
insert into check1 (pur_id) values (26);
insert into check1 (pur_id) values (27);
insert into check1 (pur_id) values (28);
insert into check1 (pur_id) values (29);
insert into check1 (pur_id) values (30);
insert into check1 (pur_id) values (31);
insert into check1 (pur_id) values (32);
insert into check1 (pur_id) values (33);
insert into check1 (pur_id) values (34);
insert into check1 (pur_id) values (35);
insert into check1 (pur_id) values (36);
insert into check1 (pur_id) values (37);
insert into check1 (pur_id) values (38);
insert into check1 (pur_id) values (39);
insert into check1 (pur_id) values (40);
insert into check1 (pur_id) values (41);
insert into check1 (pur_id) values (42);
insert into check1 (pur_id) values (43);
insert into check1 (pur_id) values (44);
insert into check1 (pur_id) values (45);
insert into check1 (pur_id) values (46);
insert into check1 (pur_id) values (47);
insert into check1 (pur_id) values (48);
insert into check1 (pur_id) values (49);
insert into check1 (pur_id) values (50);
insert into check1 (pur_id) values (51);
insert into check1 (pur_id) values (52);
insert into check1 (pur_id) values (53);
insert into check1 (pur_id) values (54);
insert into check1 (pur_id) values (55);
insert into check1 (pur_id) values (56);
insert into check1 (pur_id) values (57);
insert into check1 (pur_id) values (58);
insert into check1 (pur_id) values (59);
insert into check1 (pur_id) values (60);
insert into check1 (pur_id) values (61);
insert into check1 (pur_id) values (62);
insert into check1 (pur_id) values (63);
insert into check1 (pur_id) values (64);
insert into check1 (pur_id) values (65);
insert into check1 (pur_id) values (66);
insert into check1 (pur_id) values (67);
insert into check1 (pur_id) values (68);
insert into check1 (pur_id) values (69);
insert into check1 (pur_id) values (70);
insert into check1 (pur_id) values (71);
insert into check1 (pur_id) values (72);
insert into check1 (pur_id) values (73);
insert into check1 (pur_id) values (74);
insert into check1 (pur_id) values (75);
insert into check1 (pur_id) values (76);
insert into check1 (pur_id) values (77);
insert into check1 (pur_id) values (78);
insert into check1 (pur_id) values (79);
insert into check1 (pur_id) values (80);
insert into check1 (pur_id) values (81);
insert into check1 (pur_id) values (82);
insert into check1 (pur_id) values (83);
insert into check1 (pur_id) values (84);
insert into check1 (pur_id) values (85);
insert into check1 (pur_id) values (86);
insert into check1 (pur_id) values (87);
insert into check1 (pur_id) values (88);
insert into check1 (pur_id) values (89);
insert into check1 (pur_id) values (90);
insert into check1 (pur_id) values (91);
insert into check1 (pur_id) values (92);
insert into check1 (pur_id) values (93);
insert into check1 (pur_id) values (94);
insert into check1 (pur_id) values (95);
insert into check1 (pur_id) values (96);
insert into check1 (pur_id) values (97);
insert into check1 (pur_id) values (98);
insert into check1 (pur_id) values (99);
insert into check1 (pur_id) values (100);
insert into check1 (pur_id) values (101);
insert into check1 (pur_id) values (102);
insert into check1 (pur_id) values (103);
insert into check1 (pur_id) values (104);
insert into check1 (pur_id) values (105);
insert into check1 (pur_id) values (106);
insert into check1 (pur_id) values (107);
insert into check1 (pur_id) values (108);
insert into check1 (pur_id) values (109);
insert into check1 (pur_id) values (110);
insert into check1 (pur_id) values (111);
insert into check1 (pur_id) values (112);
insert into check1 (pur_id) values (113);
insert into check1 (pur_id) values (114);
insert into check1 (pur_id) values (115);
insert into check1 (pur_id) values (116);
insert into check1 (pur_id) values (117);
insert into check1 (pur_id) values (118);
insert into check1 (pur_id) values (119);
insert into check1 (pur_id) values (120);
insert into check1 (pur_id) values (121);
insert into check1 (pur_id) values (122);
insert into check1 (pur_id) values (123);
insert into check1 (pur_id) values (124);
insert into check1 (pur_id) values (125);
insert into check1 (pur_id) values (126);
insert into check1 (pur_id) values (127);
insert into check1 (pur_id) values (128);
insert into check1 (pur_id) values (129);
insert into check1 (pur_id) values (130);
insert into check1 (pur_id) values (131);
insert into check1 (pur_id) values (132);
insert into check1 (pur_id) values (133);
insert into check1 (pur_id) values (134);
insert into check1 (pur_id) values (135);
insert into check1 (pur_id) values (136);
insert into check1 (pur_id) values (137);
insert into check1 (pur_id) values (138);
insert into check1 (pur_id) values (139);
insert into check1 (pur_id) values (140);
insert into check1 (pur_id) values (141);
insert into check1 (pur_id) values (142);
insert into check1 (pur_id) values (143);
insert into check1 (pur_id) values (144);
insert into check1 (pur_id) values (145);
insert into check1 (pur_id) values (146);
insert into check1 (pur_id) values (147);
insert into check1 (pur_id) values (148);
insert into check1 (pur_id) values (149);
insert into check1 (pur_id) values (150);
insert into check1 (pur_id) values (151);
insert into check1 (pur_id) values (152);
insert into check1 (pur_id) values (153);
insert into check1 (pur_id) values (154);
insert into check1 (pur_id) values (155);
insert into check1 (pur_id) values (156);
insert into check1 (pur_id) values (157);
insert into check1 (pur_id) values (158);
insert into check1 (pur_id) values (159);
insert into check1 (pur_id) values (160);
insert into check1 (pur_id) values (161);
insert into check1 (pur_id) values (162);
insert into check1 (pur_id) values (163);
insert into check1 (pur_id) values (164);
insert into check1 (pur_id) values (165);
insert into check1 (pur_id) values (166);
insert into check1 (pur_id) values (167);
insert into check1 (pur_id) values (168);
insert into check1 (pur_id) values (169);
insert into check1 (pur_id) values (170);
insert into check1 (pur_id) values (171);
insert into check1 (pur_id) values (172);
insert into check1 (pur_id) values (173);
insert into check1 (pur_id) values (174);
insert into check1 (pur_id) values (175);
insert into check1 (pur_id) values (176);
insert into check1 (pur_id) values (177);
insert into check1 (pur_id) values (178);
insert into check1 (pur_id) values (179);
insert into check1 (pur_id) values (180);
insert into check1 (pur_id) values (181);
insert into check1 (pur_id) values (182);
insert into check1 (pur_id) values (183);
insert into check1 (pur_id) values (184);
insert into check1 (pur_id) values (185);
insert into check1 (pur_id) values (186);
insert into check1 (pur_id) values (187);
insert into check1 (pur_id) values (188);
insert into check1 (pur_id) values (189);
insert into check1 (pur_id) values (190);
insert into check1 (pur_id) values (191);
insert into check1 (pur_id) values (192);
insert into check1 (pur_id) values (193);
insert into check1 (pur_id) values (194);
insert into check1 (pur_id) values (195);
insert into check1 (pur_id) values (196);
insert into check1 (pur_id) values (197);
insert into check1 (pur_id) values (198);
insert into check1 (pur_id) values (199);
insert into check1 (pur_id) values (200);
insert into purchases (id, prod_id, store, amount, pur_id) values (72, 50, 5, 7, 1);
insert into purchases (id, prod_id, store, amount, pur_id) values (37, 8, 2, 2, 2);
insert into purchases (id, prod_id, store, amount, pur_id) values (12, 43, 4, 7, 3);
insert into purchases (id, prod_id, store, amount, pur_id) values (95, 53, 10, 8, 4);
insert into purchases (id, prod_id, store, amount, pur_id) values (12, 12, 6, 6, 5);
insert into purchases (id, prod_id, store, amount, pur_id) values (95, 17, 6, 8, 6);
insert into purchases (id, prod_id, store, amount, pur_id) values (52, 52, 4, 2, 7);
insert into purchases (id, prod_id, store, amount, pur_id) values (10, 21, 2, 6, 8);
insert into purchases (id, prod_id, store, amount, pur_id) values (38, 25, 6, 7, 9);
insert into purchases (id, prod_id, store, amount, pur_id) values (28, 55, 7, 7, 10);


insert into purchases (id, prod_id, store, amount, pur_id) values (55, 2, 9, 4, 13);
insert into purchases (id, prod_id, store, amount, pur_id) values (89, 55, 5, 9, 14);
insert into purchases (id, prod_id, store, amount, pur_id) values (52, 35, 6, 5, 15);
insert into purchases (id, prod_id, store, amount, pur_id) values (79, 48, 9, 8, 16);
insert into purchases (id, prod_id, store, amount, pur_id) values (39, 19, 5, 10, 17);
insert into purchases (id, prod_id, store, amount, pur_id) values (80, 41, 5, 6, 18);
insert into purchases (id, prod_id, store, amount, pur_id) values (42, 60, 4, 6, 19);
insert into purchases (id, prod_id, store, amount, pur_id) values (3, 52, 4, 8, 20);
insert into purchases (id, prod_id, store, amount, pur_id) values (27, 3, 2, 3, 21);
insert into purchases (id, prod_id, store, amount, pur_id) values (75, 38, 4, 9, 22);
insert into purchases (id, prod_id, store, amount, pur_id) values (22, 4, 5, 4, 23);
insert into purchases (id, prod_id, store, amount, pur_id) values (73, 60, 4, 6, 24);
insert into purchases (id, prod_id, store, amount, pur_id) values (91, 53, 10, 7, 25);
insert into purchases (id, prod_id, store, amount, pur_id) values (19, 48, 6, 3, 26);
insert into purchases (id, prod_id, store, amount, pur_id) values (38, 47, 4, 8, 27);
insert into purchases (id, prod_id, store, amount, pur_id) values (55, 11, 9, 5, 28);
insert into purchases (id, prod_id, store, amount, pur_id) values (28, 21, 5, 7, 29);
insert into purchases (id, prod_id, store, amount, pur_id) values (51, 5, 9, 1, 30);
insert into purchases (id, prod_id, store, amount, pur_id) values (30, 33, 10, 9, 31);
insert into purchases (id, prod_id, store, amount, pur_id) values (100, 60, 10, 1, 32);
insert into purchases (id, prod_id, store, amount, pur_id) values (88, 42, 6, 7, 33);
insert into purchases (id, prod_id, store, amount, pur_id) values (70, 21, 3, 3, 34);
insert into purchases (id, prod_id, store, amount, pur_id) values (84, 53, 4, 10, 35);
insert into purchases (id, prod_id, store, amount, pur_id) values (65, 29, 8, 4, 36);
insert into purchases (id, prod_id, store, amount, pur_id) values (23, 58, 10, 8, 37);
insert into purchases (id, prod_id, store, amount, pur_id) values (31, 19, 2, 4, 38);
insert into purchases (id, prod_id, store, amount, pur_id) values (16, 60, 1, 8, 39);
insert into purchases (id, prod_id, store, amount, pur_id) values (86, 15, 5, 7, 40);
insert into purchases (id, prod_id, store, amount, pur_id) values (3, 57, 1, 6, 41);
insert into purchases (id, prod_id, store, amount, pur_id) values (10, 33, 6, 8, 42);
insert into purchases (id, prod_id, store, amount, pur_id) values (1, 16, 8, 2, 43);
insert into purchases (id, prod_id, store, amount, pur_id) values (41, 16, 1, 3, 44);
insert into purchases (id, prod_id, store, amount, pur_id) values (64, 9, 5, 7, 45);
insert into purchases (id, prod_id, store, amount, pur_id) values (35, 57, 7, 3, 46);
insert into purchases (id, prod_id, store, amount, pur_id) values (79, 46, 9, 7, 47);
insert into purchases (id, prod_id, store, amount, pur_id) values (79, 39, 10, 5, 48);
insert into purchases (id, prod_id, store, amount, pur_id) values (46, 27, 5, 3, 49);
insert into purchases (id, prod_id, store, amount, pur_id) values (85, 24, 8, 4, 50);
insert into purchases (id, prod_id, store, amount, pur_id) values (35, 49, 5, 9, 51);
insert into purchases (id, prod_id, store, amount, pur_id) values (24, 12, 7, 6, 52);
insert into purchases (id, prod_id, store, amount, pur_id) values (2, 54, 2, 4, 53);
insert into purchases (id, prod_id, store, amount, pur_id) values (34, 8, 7, 10, 54);
insert into purchases (id, prod_id, store, amount, pur_id) values (28, 21, 6, 2, 55);
insert into purchases (id, prod_id, store, amount, pur_id) values (37, 43, 8, 7, 56);
insert into purchases (id, prod_id, store, amount, pur_id) values (63, 34, 6, 3, 57);
insert into purchases (id, prod_id, store, amount, pur_id) values (89, 29, 5, 7, 58);
insert into purchases (id, prod_id, store, amount, pur_id) values (49, 6, 9, 8, 59);
insert into purchases (id, prod_id, store, amount, pur_id) values (26, 37, 3, 7, 60);
insert into purchases (id, prod_id, store, amount, pur_id) values (17, 5, 1, 10, 61);
insert into purchases (id, prod_id, store, amount, pur_id) values (63, 60, 8, 4, 62);
insert into purchases (id, prod_id, store, amount, pur_id) values (9, 5, 5, 2, 63);
insert into purchases (id, prod_id, store, amount, pur_id) values (26, 2, 10, 6, 64);
insert into purchases (id, prod_id, store, amount, pur_id) values (91, 56, 6, 10, 65);
insert into purchases (id, prod_id, store, amount, pur_id) values (1, 23, 1, 5, 66);
insert into purchases (id, prod_id, store, amount, pur_id) values (15, 55, 6, 5, 67);
insert into purchases (id, prod_id, store, amount, pur_id) values (37, 10, 4, 1, 68);
insert into purchases (id, prod_id, store, amount, pur_id) values (17, 30, 9, 10, 69);
insert into purchases (id, prod_id, store, amount, pur_id) values (26, 3, 10, 6, 70);
insert into purchases (id, prod_id, store, amount, pur_id) values (39, 50, 7, 3, 71);
insert into purchases (id, prod_id, store, amount, pur_id) values (43, 21, 2, 3, 72);
insert into purchases (id, prod_id, store, amount, pur_id) values (3, 49, 1, 10, 73);
insert into purchases (id, prod_id, store, amount, pur_id) values (41, 4, 5, 3, 74);
insert into purchases (id, prod_id, store, amount, pur_id) values (19, 8, 6, 1, 75);
insert into purchases (id, prod_id, store, amount, pur_id) values (19, 12, 2, 9, 76);
insert into purchases (id, prod_id, store, amount, pur_id) values (11, 15, 8, 9, 77);
insert into purchases (id, prod_id, store, amount, pur_id) values (44, 51, 4, 8, 78);
insert into purchases (id, prod_id, store, amount, pur_id) values (100, 42, 9, 9, 79);
insert into purchases (id, prod_id, store, amount, pur_id) values (25, 30, 4, 6, 80);
insert into purchases (id, prod_id, store, amount, pur_id) values (8, 14, 5, 7, 81);
insert into purchases (id, prod_id, store, amount, pur_id) values (6, 48, 10, 4, 82);
insert into purchases (id, prod_id, store, amount, pur_id) values (88, 35, 9, 5, 83);
insert into purchases (id, prod_id, store, amount, pur_id) values (97, 28, 6, 2, 84);
insert into purchases (id, prod_id, store, amount, pur_id) values (60, 63, 8, 9, 85);
insert into purchases (id, prod_id, store, amount, pur_id) values (94, 41, 6, 6, 86);
insert into purchases (id, prod_id, store, amount, pur_id) values (93, 49, 6, 4, 87);
insert into purchases (id, prod_id, store, amount, pur_id) values (52, 35, 3, 3, 88);
insert into purchases (id, prod_id, store, amount, pur_id) values (17, 11, 5, 6, 89);
insert into purchases (id, prod_id, store, amount, pur_id) values (63, 40, 6, 3, 90);
insert into purchases (id, prod_id, store, amount, pur_id) values (34, 63, 7, 6, 91);
insert into purchases (id, prod_id, store, amount, pur_id) values (28, 2, 4, 9, 92);
insert into purchases (id, prod_id, store, amount, pur_id) values (4, 22, 6, 2, 93);
insert into purchases (id, prod_id, store, amount, pur_id) values (22, 11, 8, 10, 94);
insert into purchases (id, prod_id, store, amount, pur_id) values (68, 18, 2, 7, 95);
insert into purchases (id, prod_id, store, amount, pur_id) values (64, 12, 4, 7, 96);
insert into purchases (id, prod_id, store, amount, pur_id) values (26, 13, 8, 10, 97);
insert into purchases (id, prod_id, store, amount, pur_id) values (93, 37, 10, 1, 98);
insert into purchases (id, prod_id, store, amount, pur_id) values (60, 23, 7, 5, 99);
insert into purchases (id, prod_id, store, amount, pur_id) values (45, 13, 5, 4, 100);
insert into purchases (id, prod_id, store, amount, pur_id) values (18, 45, 3, 6, 101);
insert into purchases (id, prod_id, store, amount, pur_id) values (62, 63, 9, 3, 102);
insert into purchases (id, prod_id, store, amount, pur_id) values (97, 35, 2, 8, 103);
insert into purchases (id, prod_id, store, amount, pur_id) values (63, 48, 5, 4, 104);
insert into purchases (id, prod_id, store, amount, pur_id) values (71, 14, 10, 8, 105);
insert into purchases (id, prod_id, store, amount, pur_id) values (91, 43, 8, 10, 106);
insert into purchases (id, prod_id, store, amount, pur_id) values (96, 23, 9, 4, 107);
insert into purchases (id, prod_id, store, amount, pur_id) values (37, 41, 10, 5, 108);
insert into purchases (id, prod_id, store, amount, pur_id) values (33, 34, 10, 4, 109);
insert into purchases (id, prod_id, store, amount, pur_id) values (40, 35, 2, 5, 110);
insert into purchases (id, prod_id, store, amount, pur_id) values (3, 8, 8, 3, 111);
insert into purchases (id, prod_id, store, amount, pur_id) values (100, 34, 2, 5, 112);
insert into purchases (id, prod_id, store, amount, pur_id) values (51, 22, 1, 4, 113);
insert into purchases (id, prod_id, store, amount, pur_id) values (16, 63, 3, 2, 114);
insert into purchases (id, prod_id, store, amount, pur_id) values (19, 5, 6, 7, 115);
insert into purchases (id, prod_id, store, amount, pur_id) values (17, 49, 2, 5, 116);
insert into purchases (id, prod_id, store, amount, pur_id) values (5, 12, 3, 9, 117);
insert into purchases (id, prod_id, store, amount, pur_id) values (74, 31, 10, 1, 118);
insert into purchases (id, prod_id, store, amount, pur_id) values (82, 36, 5, 8, 119);
insert into purchases (id, prod_id, store, amount, pur_id) values (5, 38, 1, 7, 120);
insert into purchases (id, prod_id, store, amount, pur_id) values (54, 63, 6, 2, 121);
insert into purchases (id, prod_id, store, amount, pur_id) values (25, 10, 5, 10, 122);
insert into purchases (id, prod_id, store, amount, pur_id) values (74, 35, 9, 8, 123);
insert into purchases (id, prod_id, store, amount, pur_id) values (89, 6, 10, 2, 124);
insert into purchases (id, prod_id, store, amount, pur_id) values (94, 19, 8, 2, 125);
insert into purchases (id, prod_id, store, amount, pur_id) values (51, 37, 3, 1, 126);
insert into purchases (id, prod_id, store, amount, pur_id) values (22, 45, 5, 4, 127);
insert into purchases (id, prod_id, store, amount, pur_id) values (35, 18, 4, 1, 128);
insert into purchases (id, prod_id, store, amount, pur_id) values (70, 46, 7, 8, 129);
insert into purchases (id, prod_id, store, amount, pur_id) values (40, 29, 7, 7, 130);
insert into purchases (id, prod_id, store, amount, pur_id) values (14, 58, 8, 3, 131);
insert into purchases (id, prod_id, store, amount, pur_id) values (95, 25, 8, 5, 132);
insert into purchases (id, prod_id, store, amount, pur_id) values (46, 1, 8, 7, 133);
insert into purchases (id, prod_id, store, amount, pur_id) values (6, 54, 10, 10, 134);
insert into purchases (id, prod_id, store, amount, pur_id) values (99, 49, 3, 8, 135);
insert into purchases (id, prod_id, store, amount, pur_id) values (28, 41, 8, 2, 136);
insert into purchases (id, prod_id, store, amount, pur_id) values (32, 52, 1, 4, 137);
insert into purchases (id, prod_id, store, amount, pur_id) values (92, 10, 7, 4, 138);
insert into purchases (id, prod_id, store, amount, pur_id) values (71, 27, 6, 3, 139);
insert into purchases (id, prod_id, store, amount, pur_id) values (78, 8, 4, 8, 140);
insert into purchases (id, prod_id, store, amount, pur_id) values (31, 60, 10, 10, 141);
insert into purchases (id, prod_id, store, amount, pur_id) values (40, 48, 4, 4, 142);
insert into purchases (id, prod_id, store, amount, pur_id) values (55, 24, 4, 1, 143);
insert into purchases (id, prod_id, store, amount, pur_id) values (5, 55, 10, 2, 144);
insert into purchases (id, prod_id, store, amount, pur_id) values (39, 6, 9, 3, 145);
insert into purchases (id, prod_id, store, amount, pur_id) values (52, 39, 5, 9, 146);
insert into purchases (id, prod_id, store, amount, pur_id) values (69, 38, 3, 4, 147);
insert into purchases (id, prod_id, store, amount, pur_id) values (69, 22, 4, 9, 148);
insert into purchases (id, prod_id, store, amount, pur_id) values (85, 34, 9, 10, 149);
insert into purchases (id, prod_id, store, amount, pur_id) values (51, 47, 4, 6, 150);
insert into purchases (id, prod_id, store, amount, pur_id) values (26, 18, 1, 8, 151);
insert into purchases (id, prod_id, store, amount, pur_id) values (85, 2, 7, 3, 152);
insert into purchases (id, prod_id, store, amount, pur_id) values (62, 20, 3, 10, 153);
insert into purchases (id, prod_id, store, amount, pur_id) values (50, 24, 9, 5, 154);
insert into purchases (id, prod_id, store, amount, pur_id) values (94, 28, 2, 9, 155);
insert into purchases (id, prod_id, store, amount, pur_id) values (50, 37, 3, 3, 156);
insert into purchases (id, prod_id, store, amount, pur_id) values (65, 14, 7, 1, 157);
insert into purchases (id, prod_id, store, amount, pur_id) values (67, 23, 1, 9, 158);
insert into purchases (id, prod_id, store, amount, pur_id) values (11, 24, 1, 10, 159);
insert into purchases (id, prod_id, store, amount, pur_id) values (71, 61, 9, 8, 160);
insert into purchases (id, prod_id, store, amount, pur_id) values (75, 32, 5, 5, 161);
insert into purchases (id, prod_id, store, amount, pur_id) values (80, 35, 5, 4, 162);
insert into purchases (id, prod_id, store, amount, pur_id) values (59, 37, 6, 10, 163);
insert into purchases (id, prod_id, store, amount, pur_id) values (56, 4, 9, 7, 164);
insert into purchases (id, prod_id, store, amount, pur_id) values (39, 13, 2, 5, 165);
insert into purchases (id, prod_id, store, amount, pur_id) values (95, 61, 5, 10, 166);
insert into purchases (id, prod_id, store, amount, pur_id) values (8, 3, 10, 3, 167);
insert into purchases (id, prod_id, store, amount, pur_id) values (20, 24, 9, 4, 168);
insert into purchases (id, prod_id, store, amount, pur_id) values (29, 32, 9, 2, 169);
insert into purchases (id, prod_id, store, amount, pur_id) values (25, 51, 8, 5, 170);
insert into purchases (id, prod_id, store, amount, pur_id) values (31, 56, 5, 1, 171);
insert into purchases (id, prod_id, store, amount, pur_id) values (57, 48, 4, 4, 172);
insert into purchases (id, prod_id, store, amount, pur_id) values (14, 33, 1, 5, 173);
insert into purchases (id, prod_id, store, amount, pur_id) values (30, 48, 3, 10, 174);
insert into purchases (id, prod_id, store, amount, pur_id) values (17, 25, 4, 5, 175);
insert into purchases (id, prod_id, store, amount, pur_id) values (44, 49, 10, 5, 176);
insert into purchases (id, prod_id, store, amount, pur_id) values (58, 41, 9, 4, 177);
insert into purchases (id, prod_id, store, amount, pur_id) values (42, 32, 3, 4, 178);
insert into purchases (id, prod_id, store, amount, pur_id) values (62, 32, 3, 2, 179);
insert into purchases (id, prod_id, store, amount, pur_id) values (79, 41, 10, 6, 180);
insert into purchases (id, prod_id, store, amount, pur_id) values (76, 36, 2, 10, 181);
insert into purchases (id, prod_id, store, amount, pur_id) values (45, 21, 9, 2, 182);
insert into purchases (id, prod_id, store, amount, pur_id) values (38, 62, 3, 4, 183);
insert into purchases (id, prod_id, store, amount, pur_id) values (66, 14, 4, 5, 184);
insert into purchases (id, prod_id, store, amount, pur_id) values (54, 23, 5, 1, 185);
insert into purchases (id, prod_id, store, amount, pur_id) values (55, 21, 4, 1, 186);
insert into purchases (id, prod_id, store, amount, pur_id) values (56, 7, 1, 6, 187);
insert into purchases (id, prod_id, store, amount, pur_id) values (50, 43, 6, 2, 188);
insert into purchases (id, prod_id, store, amount, pur_id) values (47, 63, 5, 7, 189);
insert into purchases (id, prod_id, store, amount, pur_id) values (17, 47, 5, 4, 190);
insert into purchases (id, prod_id, store, amount, pur_id) values (70, 5, 2, 9, 191);
insert into purchases (id, prod_id, store, amount, pur_id) values (62, 22, 5, 4, 192);
insert into purchases (id, prod_id, store, amount, pur_id) values (64, 18, 8, 10, 193);
insert into purchases (id, prod_id, store, amount, pur_id) values (16, 51, 2, 8, 194);
insert into purchases (id, prod_id, store, amount, pur_id) values (36, 5, 2, 9, 195);
insert into purchases (id, prod_id, store, amount, pur_id) values (37, 32, 10, 3, 196);
insert into purchases (id, prod_id, store, amount, pur_id) values (23, 2, 1, 10, 197);
insert into purchases (id, prod_id, store, amount, pur_id) values (84, 42, 4, 5, 198);
insert into purchases (id, prod_id, store, amount, pur_id) values (36, 21, 4, 7, 199);
insert into purchases (id, prod_id, store, amount, pur_id) values (33, 58, 5, 10, 200);